A-20G-25,"4 x 500 lb AN-M64A1 bombs (2,000 lb total)",12 x M8 rockets,,,,,,,,,,,,,,,,,,,,,,,,,,,,,,,,,,,,,,,,,,,,,,,,
A-26B-10,"16 x 100 lb AN-M30A1 bombs (1,600 lb total)","12 x 250 lb AN-M57 bombs (3,000 lb total)","10 x 500 lb AN-M64A1 bombs (5,000 lb total)","4 x 1,000 lb AN-M65A1 bombs (4,000 lb total)",,,,,,,,,,,,,,,,,,,,,,,,,,,,,,,,,,,,,,,,,,,,,,
A-26B-50,"16 x 100 lb AN-M30A1 bombs (1,600 lb total)","8 x 250 lb AN-M57 bombs (2,000 lb total)","6 x 500 lb AN-M64A1 bombs (3,000 lb total)","4 x 1,000 lb AN-M65A1 bombs (4,000 lb total)",14 x HVAR rockets,,,,,,,,,,,,,,,,,,,,,,,,,,,,,,,,,,,,,,,,,,,,,
A-26C-45,"20 x 100 lb AN-M30A1 bombs (2,000 lb total)","10 x 500 lb AN-M64A1 bombs (5,000 lb total)","4 x 1,000 lb AN-M65A1 bombs (4,000 lb total)","2 x 2,000 lb AN-M66A2 bombs (4,000 lb total)",,,,,,,,,,,,,,,,,,,,,,,,,,,,,,,,,,,,,,,,,,,,,,
A-26C-45DT,14 x HVAR rockets,"20 x 100 lb AN-M30A1 bombs (2,000 lb total)","10 x 500 lb AN-M64A1 bombs (5,000 lb total)","4 x 1,000 lb AN-M65A1 bombs (4,000 lb total)","2 x 2,000 lb AN-M66A2 bombs (4,000 lb total)",,,,,,,,,,,,,,,,,,,,,,,,,,,,,,,,,,,,,,,,,,,,,
A-36,2 x 100 lb AN-M30A1 bombs (200 lb total),2 x 250 lb AN-M57 bombs (500 lb total),"2 x 500 lb AN-M64A1 bombs (1,000 lb total)","4 x 12.7 mm Browning M2 machine guns, wing-mounted (340 rpg = 1,360 total)",,,,,,,,,,,,,,,,,,,,,,,,,,,,,,,,,,,,,,,,,,,,,,
A-4B,"18 x 250 lb LDGP Mk 81 bombs (4,500 lb total)","9 x 500 lb LDGP Mk 82 bombs (4,500 lb total)","5 x 1,000 lb LDGP Mk 83 bombs (5,000 lb total)","1 x 2,000 lb LDGP Mk 84 bomb (2,000 lb total)",3 x AGM-12B Bullpup missiles,133 x FFAR Mighty Mouse rockets,28 x Zuni Mk32 Mod 0 ATAP rockets,2 x AIM-9B Sidewinder missiles,"76 x FFAR Mighty Mouse rockets + 6 x 250 lb LDGP Mk 81 bombs (1,500 lb total)","76 x FFAR Mighty Mouse rockets + 5 x 500 lb LDGP Mk 82 bombs (2,500 lb total)","16 x Zuni Mk32 Mod 0 ATAP rockets + 6 x 250 lb LDGP Mk 81 bombs (1,500 lb total)","16 x Zuni Mk32 Mod 0 ATAP rockets + 5 x 500 lb LDGP Mk 82 bombs (2,500 lb total)","2 x AIM-9B Sidewinder missiles + 6 x 250 lb LDGP Mk 81 bombs (1,500 lb total)","2 x AIM-9B Sidewinder missiles + 5 x 500 lb LDGP Mk 82 bombs (2,500 lb total)","2 x AIM-9B Sidewinder missiles + 3 x 1,000 lb LDGP Mk 83 bombs (3,000 lb total)","2 x AIM-9B Sidewinder missiles + 1 x 2,000 lb LDGP Mk 84 bomb (2,000 lb total)",2 x AIM-9B Sidewinder missiles + 1 x AGM-12B Bullpup missile,2 x AIM-9B Sidewinder missiles + 57 x FFAR Mighty Mouse rockets,2 x AIM-9B Sidewinder missiles + 12 x Zuni Mk32 Mod 0 ATAP rockets,"3 x 20 mm Mk 11 mod 5 cannons (750 rpg = 2,250 total)",1 x 20 mm Mk 11 mod 5 cannon (750 rpg) + 2 x AIM-9B Sidewinder missiles,,,,,,,,,,,,,,,,,,,,,,,,,,,,,
A-4E Early,"3 x 20 mm Mk 11 mod 5 cannons (750 rpg = 2,250 total)","20 x 250 lb LDGP Mk 81 bombs (5,000 lb total)","14 x 500 lb LDGP Mk 82 bombs (7,000 lb total)","3 x 750 lb M117 cone 45 bombs (2,250 lb total)",1 x 750 lb M117 cone 45 bomb (750 lb total) + 114 x FFAR Mighty Mouse rockets,1 x 750 lb M117 cone 45 bomb (750 lb total) + 24 x Zuni Mk32 Mod 0 ATAP rockets,1 x 750 lb M117 cone 45 bomb (750 lb total) + 4 x AGM-12B Bullpup missiles,1 x 750 lb M117 cone 45 bomb (750 lb total) + 2 x AIM-9B Sidewinder missiles,"5 x 1,000 lb LDGP Mk 83 bombs (5,000 lb total)","1 x 2,000 lb LDGP Mk 84 bomb (2,000 lb total)",5 x AGM-12B Bullpup missiles,2 x AGM-12C Bullpup missiles,171 x FFAR Mighty Mouse rockets,36 x Zuni Mk32 Mod 0 ATAP rockets,2 x AIM-9B Sidewinder missiles,"114 x FFAR Mighty Mouse rockets + 6 x 250 lb LDGP Mk 81 bombs (1,500 lb total)","114 x FFAR Mighty Mouse rockets + 6 x 500 lb LDGP Mk 82 bombs (3,000 lb total)","24 x Zuni Mk32 Mod 0 ATAP rockets + 6 x 250 lb LDGP Mk 81 bombs (1,500 lb total)","24 x Zuni Mk32 Mod 0 ATAP rockets + 6 x 500 lb LDGP Mk 82 bombs (3,000 lb total)",2 x AGM-12B Bullpup missiles + 133 x FFAR Mighty Mouse rockets,2 x AGM-12B Bullpup missiles + 28 x Zuni Mk32 Mod 0 ATAP rockets,"2 x AGM-12B Bullpup missiles + 18 x 250 lb LDGP Mk 81 bombs (4,500 lb total)","2 x AGM-12B Bullpup missiles + 12 x 500 lb LDGP Mk 82 bombs (6,000 lb total)","2 x AGM-12B Bullpup missiles + 3 x 1,000 lb LDGP Mk 83 bombs (3,000 lb total)","2 x AIM-9B Sidewinder missiles + 8 x 250 lb LDGP Mk 81 bombs (2,000 lb total)","2 x AIM-9B Sidewinder missiles + 8 x 500 lb LDGP Mk 82 bombs (4,000 lb total)","2 x AIM-9B Sidewinder missiles + 3 x 1,000 lb LDGP Mk 83 bombs (3,000 lb total)","2 x AIM-9B Sidewinder missiles + 1 x 2,000 lb LDGP Mk 84 bomb (2,000 lb total)",2 x AIM-9B Sidewinder missiles + 3 x AGM-12B Bullpup missiles,2 x AIM-9B Sidewinder missiles + 95 x FFAR Mighty Mouse rockets,2 x AIM-9B Sidewinder missiles + 20 x Zuni Mk32 Mod 0 ATAP rockets,2 x AIM-9B Sidewinder missiles + 1 x 20 mm Mk 11 mod 5 cannon (750 rpg),,,,,,,,,,,,,,,,,,
A-7D,2 x AIM-9B Sidewinder missiles,"2 x 20 mm M61 cannons (1,200 rpg = 2,400 total)",2 x 20 mm M61 cannons + 2 x AIM-9E Sidewinder missiles,2 x 20 mm M61 cannons + 2 x AIM-9J Sidewinder missiles,2 x 30 mm GAU-13/A cannons (353 rpg = 706 total),2 x 30 mm GAU-13/A cannons + 2 x AIM-9E Sidewinder missiles,2 x 30 mm GAU-13/A cannons + 2 x AIM-9J Sidewinder missiles,"24 x 250 lb LDGP Mk 81 bombs (6,000 lb total)","24 x 250 lb LDGP Mk 81 bombs + 2 x AIM-9E Sidewinder missiles (6,000 lb total)","24 x 250 lb LDGP Mk 81 bombs + 2 x AIM-9J Sidewinder missiles (6,000 lb total)","24 x 500 lb LDGP Mk 82 bombs (12,000 lb total)","24 x 500 lb LDGP Mk 82 bombs + 2 x AIM-9E Sidewinder missiles (12,000 lb total)","24 x 500 lb LDGP Mk 82 bombs + 2 x AIM-9J Sidewinder missiles (12,000 lb total)","14 x 750 lb M117 cone 45 bombs (10,500 lb total)","14 x 750 lb M117 cone 45 bombs + 2 x AIM-9E Sidewinder missiles (10,500 lb total)","14 x 750 lb M117 cone 45 bombs + 2 x AIM-9J Sidewinder missiles (10,500 lb total)","12 x 1,000 lb LDGP Mk 83 bombs (12,000 lb total)","12 x 1,000 lb LDGP Mk 83 bombs + 2 x AIM-9E Sidewinder missiles (12,000 lb total)","12 x 1,000 lb LDGP Mk 83 bombs + 2 x AIM-9J Sidewinder missiles (12,000 lb total)","6 x 2,000 lb LDGP Mk 84 bombs (12,000 lb total)","6 x 2,000 lb LDGP Mk 84 bombs + 2 x AIM-9E Sidewinder missiles (12,000 lb total)","6 x 2,000 lb LDGP Mk 84 bombs + 2 x AIM-9J Sidewinder missiles (12,000 lb total)",114 x FFAR Mighty Mouse rockets,114 x FFAR Mighty Mouse rockets + 2 x AIM-9E Sidewinder missiles,114 x FFAR Mighty Mouse rockets + 2 x AIM-9J Sidewinder missiles,2 x AIM-9E Sidewinder missiles,2 x AIM-9J Sidewinder missiles,4 x AGM-65A missiles,4 x AGM-65A missiles + 2 x AIM-9E Sidewinder missiles,4 x AGM-65A missiles + 2 x AIM-9J Sidewinder missiles,"4 x AGM-65A missiles + 2 x 2,000 lb LDGP Mk 84 bombs + 2 x AIM-9E Sidewinder missiles (4,000 lb total)","4 x AGM-65A missiles + 2 x 2,000 lb LDGP Mk 84 bombs + 2 x AIM-9J Sidewinder missiles (4,000 lb total)","4 x AGM-65A missiles + 2 x 750 lb M117 cone 45 bombs + 2 x AIM-9E Sidewinder missiles (1,500 lb total)","4 x AGM-65A missiles + 2 x 750 lb M117 cone 45 bombs + 2 x AIM-9J Sidewinder missiles (1,500 lb total)",,,,,,,,,,,,,,,,
A2D-1,"20 x 250 lb AN-M57 bombs (5,000 lb total)",20 x HVAR rockets,"10 x 500 lb AN-M64A1 bombs (5,000 lb total)","2 x 1,000 lb AN-M65A1 bombs (2,000 lb total)","2 x 2,000 lb AN-M66A2 bombs (4,000 lb total)","2 x 2,000 lb AN-M66A2 bombs + 8 x 500 lb AN-M64A1 bombs (8,000 lb total)","2 x 2,000 lb AN-M66A2 bombs + 20 x HVAR rockets (4,000 lb total)","2 x 1,927 lb Mk.13-1 Case torpedoes",,,,,,,,,,,,,,,,,,,,,,,,,,,,,,,,,,,,,,,,,,
A6M2 (USA),None,,,,,,,,,,,,,,,,,,,,,,,,,,,,,,,,,,,,,,,,,,,,,,,,,
AD-2,12 x HVAR rockets,"12 x HVAR rockets + 1 x 1,927 lb Mk.13-1 Case torpedo",12 x HVAR rockets + 2 x Tiny Tim rockets,"2 x 500 lb AN-M64A1 bombs (1,000 lb total)","2 x 1,000 lb AN-M65A1 bombs (2,000 lb total)","1 x 2,000 lb AN-M66A2 bomb (2,000 lb total)","1 x 2,000 lb AN-M66A2 bomb + 2 x 500 lb AN-M64A1 bombs (3,000 lb total)","1 x 2,000 lb AN-M66A2 bomb + 2 x 1,000 lb AN-M65A1 bombs (4,000 lb total)","12 x HVAR rockets + 2 x 500 lb AN-M64A1 bombs (1,000 lb total)","12 x HVAR rockets + 2 x 1,000 lb AN-M65A1 bombs (2,000 lb total)","12 x HVAR rockets + 1 x 2,000 lb AN-M66A2 bomb + 2 x Tiny Tim rockets (2,000 lb total)","12 x HVAR rockets + 1 x 2,000 lb AN-M66A2 bomb + 2 x 500 lb AN-M64A1 bombs (3,000 lb total)","12 x HVAR rockets + 1 x 2,000 lb AN-M66A2 bomb + 2 x 1,000 lb AN-M65A1 bombs (4,000 lb total)",,,,,,,,,,,,,,,,,,,,,,,,,,,,,,,,,,,,,
AD-4,12 x HVAR rockets,"12 x HVAR rockets + 1 x 1,927 lb Mk.13-1 Case torpedo",12 x HVAR rockets + 2 x Tiny Tim rockets,"12 x HVAR rockets + 2 x 500 lb AN-M64A1 bombs (1,000 lb total)","12 x HVAR rockets + 2 x 1,000 lb AN-M65A1 bombs (2,000 lb total)","12 x HVAR rockets + 1 x 2,000 lb AN-M66A2 bomb + 2 x Tiny Tim rockets (2,000 lb total)","12 x HVAR rockets + 1 x 2,000 lb AN-M66A2 bomb + 2 x 500 lb AN-M64A1 bombs (3,000 lb total)","12 x HVAR rockets + 1 x 2,000 lb AN-M66A2 bomb + 2 x 1,000 lb AN-M65A1 bombs (4,000 lb total)",56 x FFAR Mighty Mouse rockets,,,,,,,,,,,,,,,,,,,,,,,,,,,,,,,,,,,,,,,,,
AM-1,"14 x 250 lb AN-M57 bombs (3,500 lb total)","3 x 500 lb AN-M64A1 bombs (1,500 lb total)","3 x 1,000 lb AN-M65A1 bombs (3,000 lb total)","3 x 1,927 lb Mk.13-1 Case torpedoes","1 x 2,000 lb AN-M66A2 bomb (2,000 lb total)",12 x HVAR rockets,2 x Tiny Tim rockets,12 x HVAR rockets + 2 x Tiny Tim rockets,"12 x HVAR rockets + 3 x 500 lb AN-M64A1 bombs (1,500 lb total)","12 x HVAR rockets + 1 x 1,000 lb AN-M65A1 bomb + 2 x 500 lb AN-M64A1 bombs (2,000 lb total)","12 x HVAR rockets + 2 x Tiny Tim rockets + 1 x 1,000 lb AN-M65A1 bomb (1,000 lb total)","12 x HVAR rockets + 3 x 1,927 lb Mk.13-1 Case torpedoes","12 x HVAR rockets + 1 x 2,000 lb AN-M66A2 bomb (2,000 lb total)","3 x 500 lb AN-M64A1 bombs + 10 x 250 lb AN-M57 bombs (4,000 lb total)","1 x 1,000 lb AN-M65A1 bomb + 2 x 500 lb AN-M64A1 bombs + 10 x 250 lb AN-M57 bombs (4,500 lb total)","1 x 2,000 lb AN-M66A2 bomb + 12 x 250 lb AN-M57 bombs (5,000 lb total)",,,,,,,,,,,,,,,,,,,,,,,,,,,,,,,,,,
AU-1,"10 x 250 lb AN-M57 bombs (2,500 lb total)","3 x 500 lb AN-M64A1 bombs (1,500 lb total)","6 x 500 lb AN-M64A1 bombs (3,000 lb total)","9 x 500 lb AN-M64A1 bombs (4,500 lb total)","3 x 1,000 lb AN-M65A1 bombs (3,000 lb total)","3 x 1,000 lb AN-M65A1 bombs + 10 x 250 lb AN-M57 bombs (5,500 lb total)","3 x 1,000 lb AN-M65A1 bombs + 6 x 500 lb AN-M64A1 bombs (6,000 lb total)","3 x 1,600 lb AN-Mk 1 bombs (4,800 lb total)","1 x 2,000 lb AN-M66A2 bomb + 2 x 1,600 lb AN-Mk 1 bombs + 6 x 500 lb AN-M64A1 bombs (8,200 lb total)","1 x 2,000 lb AN-M66A2 bomb (2,000 lb total)","1 x 2,000 lb AN-M66A2 bomb + 2 x 1,000 lb AN-M65A1 bombs + 6 x 500 lb AN-M64A1 bombs (7,000 lb total)","1 x 2,000 lb AN-M66A2 bomb + 2 x 1,600 lb AN-Mk 1 bombs + 10 x 250 lb AN-M57 bombs (7,700 lb total)",10 x HVAR rockets,"10 x HVAR rockets + 1 x 2,000 lb AN-M66A2 bomb + 2 x 1,000 lb AN-M65A1 bombs (4,000 lb total)","10 x HVAR rockets + 1 x 2,000 lb AN-M66A2 bomb + 2 x 1,600 lb AN-Mk 1 bombs (5,200 lb total)","10 x HVAR rockets + 3 x 1,000 lb AN-M65A1 bombs (3,000 lb total)",3 x Tiny Tim rockets,3 x Tiny Tim rockets + 10 x HVAR rockets,"3 x Tiny Tim rockets + 6 x 500 lb AN-M64A1 bombs (3,000 lb total)",,,,,,,,,,,,,,,,,,,,,,,,,,,,,,,
AV-8A,240 x Countermeasures,"5 x 250 lb LDGP Mk 81 bombs (1,250 lb total)","5 x 500 lb LDGP Mk 82 bombs (2,500 lb total)","2 x 1,000 lb LDGP Mk 83 bombs (2,000 lb total)","2 x 1,000 lb LDGP Mk 83 bombs + 3 x 500 lb LDGP Mk 82 bombs (3,500 lb total)",2 x AIM-9G Sidewinder missiles + 3 x 250 lb LDGP Mk 81 bombs (750 lb total),"2 x AIM-9G Sidewinder missiles + 3 x 500 lb LDGP Mk 82 bombs (1,500 lb total)","2 x AIM-9G Sidewinder missiles + 1 x 500 lb LDGP Mk 82 bomb + 2 x 1,000 lb LDGP Mk 83 bombs (2,500 lb total)","240 x Countermeasures + 4 x 250 lb LDGP Mk 81 bombs (1,000 lb total)","240 x Countermeasures + 4 x 500 lb LDGP Mk 82 bombs (2,000 lb total)","240 x Countermeasures + 2 x 1,000 lb LDGP Mk 83 bombs (2,000 lb total)","240 x Countermeasures + 2 x 1,000 lb LDGP Mk 83 bombs + 2 x 500 lb LDGP Mk 82 bombs (3,000 lb total)",240 x Countermeasures + 2 x AIM-9G Sidewinder missiles,240 x Countermeasures + 28 x FFAR Mighty Mouse rockets,240 x Countermeasures + 76 x FFAR Mighty Mouse rockets,240 x Countermeasures + 16 x Zuni Mk32 Mod 0 ATAP rockets,240 x Countermeasures + 2 x AIM-9G Sidewinder missiles + 2 x 250 lb LDGP Mk 81 bombs (500 lb total),"240 x Countermeasures + 2 x AIM-9G Sidewinder missiles + 2 x 500 lb LDGP Mk 82 bombs (1,000 lb total)","240 x Countermeasures + 2 x AIM-9G Sidewinder missiles + 2 x 1,000 lb LDGP Mk 83 bombs (2,000 lb total)",240 x Countermeasures + 2 x AIM-9G Sidewinder missiles + 14 x FFAR Mighty Mouse rockets,240 x Countermeasures + 2 x AIM-9G Sidewinder missiles + 38 x FFAR Mighty Mouse rockets,240 x Countermeasures + 2 x AIM-9G Sidewinder missiles + 8 x Zuni Mk32 Mod 0 ATAP rockets,,,,,,,,,,,,,,,,,,,,,,,,,,,,
AV-8C,"5 x 250 lb LDGP Mk 81 bombs (1,250 lb total)","5 x 500 lb LDGP Mk 82 bombs (2,500 lb total)","2 x 1,000 lb LDGP Mk 83 bombs (2,000 lb total)","2 x 1,000 lb LDGP Mk 83 bombs + 3 x 500 lb LDGP Mk 82 bombs (3,500 lb total)",2 x AIM-9G Sidewinder missiles,28 x FFAR Mighty Mouse rockets,76 x FFAR Mighty Mouse rockets,16 x Zuni Mk32 Mod 0 ATAP rockets,2 x AIM-9G Sidewinder missiles + 3 x 250 lb LDGP Mk 81 bombs (750 lb total),"2 x AIM-9G Sidewinder missiles + 3 x 500 lb LDGP Mk 82 bombs (1,500 lb total)","2 x AIM-9G Sidewinder missiles + 2 x 1,000 lb LDGP Mk 83 bombs (2,000 lb total)","2 x AIM-9G Sidewinder missiles + 2 x 1,000 lb LDGP Mk 83 bombs + 1 x 500 lb LDGP Mk 82 bomb (2,500 lb total)",2 x AIM-9G Sidewinder missiles + 14 x FFAR Mighty Mouse rockets,2 x AIM-9G Sidewinder missiles + 38 x FFAR Mighty Mouse rockets,2 x AIM-9G Sidewinder missiles + 8 x Zuni Mk32 Mod 0 ATAP rockets,,,,,,,,,,,,,,,,,,,,,,,,,,,,,,,,,,,
B-10B,"6 x 250 lb AN-M57 bombs (1,500 lb total)","2 x 500 lb AN-M64A1 bombs (1,000 lb total)","2 x 1,000 lb AN-M65A1 bombs (2,000 lb total)","1 x 2,000 lb AN-M66A2 bomb (2,000 lb total)",,,,,,,,,,,,,,,,,,,,,,,,,,,,,,,,,,,,,,,,,,,,,,
B-17E,"8 x 500 lb AN-M64A1 bombs (4,000 lb total)","12 x 500 lb AN-M64A1 bombs (6,000 lb total)","6 x 1,000 lb AN-M65A1 bombs (6,000 lb total)","2 x 2,000 lb AN-M66A2 bombs (4,000 lb total)",,,,,,,,,,,,,,,,,,,,,,,,,,,,,,,,,,,,,,,,,,,,,,
B-17E/L,"8 x 500 lb AN-M64A1 bombs (4,000 lb total)","12 x 500 lb AN-M64A1 bombs (6,000 lb total)","6 x 1,000 lb AN-M65A1 bombs (6,000 lb total)","2 x 2,000 lb AN-M66A2 bombs (4,000 lb total)",,,,,,,,,,,,,,,,,,,,,,,,,,,,,,,,,,,,,,,,,,,,,,
B-17G-60-VE,"8 x 500 lb AN-M64A1 bombs (4,000 lb total)","12 x 500 lb AN-M64A1 bombs (6,000 lb total)","6 x 1,000 lb AN-M65A1 bombs (6,000 lb total)","2 x 2,000 lb AN-M66A2 bombs (4,000 lb total)","8 x 1,000 lb AN-M65A1 bombs (8,000 lb total)","4 x 2,000 lb AN-M66A2 bombs (8,000 lb total)",,,,,,,,,,,,,,,,,,,,,,,,,,,,,,,,,,,,,,,,,,,,
B-18A,"12 x 100 lb AN-M30A1 bombs (1,200 lb total)","8 x 250 lb AN-M57 bombs (2,000 lb total)","4 x 500 lb AN-M64A1 bombs (2,000 lb total)","2 x 1,000 lb AN-M65A1 bombs (2,000 lb total)","1 x 2,000 lb AN-M66A2 bomb (2,000 lb total)",,,,,,,,,,,,,,,,,,,,,,,,,,,,,,,,,,,,,,,,,,,,,
B-24D-25-CO,"8 x 500 lb AN-M64A1 bombs (4,000 lb total)","20 x 100 lb AN-M30A1 bombs (2,000 lb total)","12 x 500 lb AN-M64A1 bombs (6,000 lb total)","8 x 1,000 lb AN-M65A1 bombs (8,000 lb total)","4 x 2,000 lb AN-M66A2 bombs (8,000 lb total)",,,,,,,,,,,,,,,,,,,,,,,,,,,,,,,,,,,,,,,,,,,,,
B-25J-1,"12 x 100 lb AN-M30A1 bombs (1,200 lb total)","4 x 250 lb AN-M57 bombs (1,000 lb total)","4 x 250 lb AN-M57 bombs + 8 x 100 lb AN-M30A1 bombs (1,800 lb total)","8 x 250 lb AN-M57 bombs (2,000 lb total)","2 x 500 lb AN-M64A1 bombs + 8 x 100 lb AN-M30A1 bombs (1,800 lb total)","4 x 500 lb AN-M64A1 bombs (2,000 lb total)","1 x 1,000 lb AN-M65A1 bomb + 10 x 100 lb AN-M30A1 bombs (2,000 lb total)","3 x 1,000 lb AN-M65A1 bombs (3,000 lb total)",,,,,,,,,,,,,,,,,,,,,,,,,,,,,,,,,,,,,,,,,,
B-25J-20,"12 x 100 lb AN-M30A1 bombs (1,200 lb total)","4 x 250 lb AN-M57 bombs (1,000 lb total)","4 x 250 lb AN-M57 bombs + 8 x 100 lb AN-M30A1 bombs (1,800 lb total)","8 x 250 lb AN-M57 bombs (2,000 lb total)","2 x 500 lb AN-M64A1 bombs + 8 x 100 lb AN-M30A1 bombs (1,800 lb total)","4 x 500 lb AN-M64A1 bombs (2,000 lb total)","1 x 1,000 lb AN-M65A1 bomb + 10 x 100 lb AN-M30A1 bombs (2,000 lb total)","3 x 1,000 lb AN-M65A1 bombs (3,000 lb total)",,,,,,,,,,,,,,,,,,,,,,,,,,,,,,,,,,,,,,,,,,
B-29A-BN,"20 x 500 lb AN-M64A1 bombs (10,000 lb total)","18 x 1,000 lb AN-M65A1 bombs (18,000 lb total)","40 x 500 lb AN-M64A1 bombs (20,000 lb total)","8 x 2,000 lb AN-M66A2 bombs (16,000 lb total)",,,,,,,,,,,,,,,,,,,,,,,,,,,,,,,,,,,,,,,,,,,,,,
B-34,"7 x 250 lb AN-M57 bombs (1,750 lb total)","3 x 500 lb AN-M64A1 bombs + 4 x 250 lb AN-M57 bombs (2,500 lb total)","1 x 1,927 lb Mk.13-1 Case torpedo",,,,,,,,,,,,,,,,,,,,,,,,,,,,,,,,,,,,,,,,,,,,,,,
B-57A,"9 x 500 lb AN-M64A1 bombs (4,500 lb total)","6 x 1,000 lb AN-M65A1 Fin M129 bombs (6,000 lb total)",,,,,,,,,,,,,,,,,,,,,,,,,,,,,,,,,,,,,,,,,,,,,,,,
B-57B,"21 x 250 lb AN-M57 bombs (5,250 lb total)","9 x 500 lb AN-M64A1 bombs (4,500 lb total)","13 x 500 lb AN-M64A1 bombs (6,500 lb total)","4 x 1,000 lb AN-M65A1 Fin M129 bombs (4,000 lb total)","8 x 1,000 lb AN-M65A1 Fin M129 bombs (8,000 lb total)","21 x 250 lb AN-M57 bombs + 16 x HVAR rockets (5,250 lb total)","13 x 500 lb AN-M64A1 bombs + 8 x HVAR rockets (6,500 lb total)","9 x 500 lb AN-M64A1 bombs + 16 x HVAR rockets (4,500 lb total)","4 x 1,000 lb AN-M65A1 Fin M129 bombs + 16 x HVAR rockets (4,000 lb total)","8 x 1,000 lb AN-M65A1 Fin M129 bombs + 8 x HVAR rockets (8,000 lb total)",,,,,,,,,,,,,,,,,,,,,,,,,,,,,,,,,,,,,,,,
Bf 109 F-4 (USA),None,,,,,,,,,,,,,,,,,,,,,,,,,,,,,,,,,,,,,,,,,,,,,,,,,
Bong's P-38J-15,"2 x 500 lb AN-M64A1 bombs (1,000 lb total)",6 x M8 rockets,,,,,,,,,,,,,,,,,,,,,,,,,,,,,,,,,,,,,,,,,,,,,,,,
Bostwick's P-47M-1-RE,1 x 500 lb AN-M64A1 bomb (500 lb total),"2 x 1,000 lb AN-M65A1 bombs (2,000 lb total)","2 x 1,000 lb AN-M65A1 bombs + 1 x 500 lb AN-M64A1 bomb (2,500 lb total)",10 x HVAR rockets,10 x HVAR rockets + 1 x 500 lb AN-M64A1 bomb (500 lb total),"10 x HVAR rockets + 2 x 1,000 lb AN-M65A1 bombs (2,000 lb total)","10 x HVAR rockets + 2 x 1,000 lb AN-M65A1 bombs + 1 x 500 lb AN-M64A1 bomb (2,500 lb total)",,,,,,,,,,,,,,,,,,,,,,,,,,,,,,,,,,,,,,,,,,,
BTD-1,"6 x 250 lb AN-M57 bombs (1,500 lb total)","2 x 500 lb AN-M64A1 bombs + 2 x 250 lb AN-M57 bombs (1,500 lb total)","2 x 1,000 lb AN-M65A1 bombs (2,000 lb total)",2 x Type A Mark I mines,"1 x 2,000 lb AN-M66A2 bomb (2,000 lb total)","2 x 1,927 lb Mk.13-1 Case torpedoes",,,,,,,,,,,,,,,,,,,,,,,,,,,,,,,,,,,,,,,,,,,,
F-100D,2 x AIM-9B Sidewinder missiles,"6 x 500 lb LDGP Mk 82 bombs (3,000 lb total)","10 x 500 lb LDGP Mk 82 bombs (5,000 lb total)","8 x 750 lb M117 cone 45 bombs (6,000 lb total)","4 x 1,000 lb LDGP Mk 83 bombs (4,000 lb total)",76 x FFAR Mighty Mouse rockets,"14 x FFAR Mighty Mouse rockets + 4 x 750 lb M117 cone 45 bombs (3,000 lb total)",2 x AGM-12B Bullpup missiles,"2 x AGM-12B Bullpup missiles + 4 x 750 lb M117 cone 45 bombs (3,000 lb total)",4 x AIM-9B Sidewinder missiles,4 x AIM-9E Sidewinder missiles,,,,,,,,,,,,,,,,,,,,,,,,,,,,,,,,,,,,,,,
F-104A,2 x AIM-9B Sidewinder missiles,,,,,,,,,,,,,,,,,,,,,,,,,,,,,,,,,,,,,,,,,,,,,,,,,
F-104C,"3 x 750 lb M117 cone 45 bombs (2,250 lb total)",38 x FFAR Mighty Mouse rockets,2 x AIM-9B Sidewinder missiles,"2 x AIM-9B Sidewinder missiles + 3 x 750 lb M117 cone 45 bombs (2,250 lb total)",2 x AIM-9B Sidewinder missiles + 38 x FFAR Mighty Mouse rockets,,,,,,,,,,,,,,,,,,,,,,,,,,,,,,,,,,,,,,,,,,,,,
F-4C Phantom II,"1 x 20 mm M61 Vulcan rotary cannon in a SUU-16/SUU-23 gun pod (1,200 rpg)","2 x additional SUU-16/SUU-23 gun pods for a total of 3 x M61 Vulcan 20 mm cannons (1,200 rpg = 3,600 total)",1 x 20 mm M61 cannon + 2 x AIM-9B Sidewinder missiles,"1 x 20 mm M61 cannon + 18 x 250 lb LDGP Mk 81 bombs (4,500 lb total)","1 x 20 mm M61 cannon + 18 x 500 lb LDGP Mk 82 bombs (9,000 lb total)","1 x 20 mm M61 cannon + 12 x 750 lb M117 cone 45 bombs (9,000 lb total)","1 x 20 mm M61 cannon + 8 x 1,000 lb LDGP Mk 83 bombs (8,000 lb total)",1 x 20 mm M61 cannon + 4 x AGM-12B Bullpup missiles,1 x 20 mm M61 cannon + 2 x AGM-12C Bullpup missiles,1 x 20 mm M61 cannon + 228 x FFAR Mighty Mouse rockets,1 x 20 mm M61 cannon + 48 x Zuni Mk32 Mod 0 ATAP rockets,1 x 20 mm M61 cannon + 4 x AIM-9B Sidewinder missiles,"1 x 20 mm M61 cannon + 4 x AIM-9B Sidewinder missiles + 12 x 250 lb LDGP Mk 81 bombs (3,000 lb total)","1 x 20 mm M61 cannon + 4 x AIM-9B Sidewinder missiles + 12 x 500 lb LDGP Mk 82 bombs (6,000 lb total)","1 x 20 mm M61 cannon + 4 x AIM-9B Sidewinder missiles + 6 x 750 lb M117 cone 45 bombs (4,500 lb total)","1 x 20 mm M61 cannon + 4 x AIM-9B Sidewinder missiles + 4 x 1,000 lb LDGP Mk 83 bombs (4,000 lb total)",1 x 20 mm M61 cannon + 4 x AIM-9B Sidewinder missiles + 114 x FFAR Mighty Mouse rockets,1 x 20 mm M61 cannon + 4 x AIM-9B Sidewinder missiles + 24 x Zuni Mk32 Mod 0 ATAP rockets,1 x 20 mm M61 cannon + 2 x AGM-12B Bullpup missiles + 4 x AIM-9B Sidewinder missiles,4 x AIM-9B Sidewinder missiles,1 x 20 mm M61 cannon + 4 x AIM-9E Sidewinder missiles,4 x AIM-9E Sidewinder missiles,1 x 20 mm M61 cannon + 4 x AIM-7D Sparrow missiles,"1 x 20 mm M61 cannon + 4 x AIM-7D Sparrow missiles + 18 x 250 lb LDGP Mk 81 bombs (4,500 lb total)","1 x 20 mm M61 cannon + 4 x AIM-7D Sparrow missiles + 18 x 500 lb LDGP Mk 82 bombs (9,000 lb total)","1 x 20 mm M61 cannon + 4 x AIM-7D Sparrow missiles + 12 x 750 lb M117 cone 45 bombs (9,000 lb total)","1 x 20 mm M61 cannon + 4 x AIM-7D Sparrow missiles + 8 x 1,000 lb LDGP Mk 83 bombs (8,000 lb total)","1 x 20 mm M61 cannon + 4 x AIM-7D Sparrow missiles + 4 x AIM-9B Sidewinder missiles + 12 x 250 lb LDGP Mk 81 bombs (3,000 lb total)","1 x 20 mm M61 cannon + 4 x AIM-7D Sparrow missiles + 4 x AIM-9B Sidewinder missiles + 12 x 500 lb LDGP Mk 82 bombs (6,000 lb total)","1 x 20 mm M61 cannon + 4 x AIM-7D Sparrow missiles + 4 x AIM-9B Sidewinder missiles + 6 x 750 lb M117 cone 45 bombs (4,500 lb total)","1 x 20 mm M61 cannon + 4 x AIM-7D Sparrow missiles + 4 x AIM-9B Sidewinder missiles + 4 x 1,000 lb LDGP Mk 83 bombs (4,000 lb total)",4 x AIM-7D Sparrow missiles + 4 x AIM-9B Sidewinder missiles,1 x 20 mm M61 cannon + 4 x AIM-7D Sparrow missiles + 4 x AIM-9E Sidewinder missiles,4 x AIM-7D Sparrow missiles + 4 x AIM-9E Sidewinder missiles,,,,,,,,,,,,,,,,
F-4E Phantom II,2 x AIM-9B Sidewinder missiles,"3 x 20 mm M61 cannons (1,200 rpg = 3,600 total)","24 x 500 lb LDGP Mk 82 bombs (12,000 lb total)","16 x 750 lb M117 cone 45 bombs (12,000 lb total)","11 x 1,000 lb LDGP Mk 83 bombs (11,000 lb total)","3 x 2,000 lb LDGP Mk 84 bombs (6,000 lb total)",2 x AGM-12C Bullpup missiles,285 x FFAR Mighty Mouse rockets,60 x Zuni Mk32 Mod 0 ATAP rockets,4 x AIM-9E Sidewinder missiles,4 x AIM-9J Sidewinder missiles,"18 x 500 lb LDGP Mk 82 bombs + 4 x AIM-9E Sidewinder missiles (9,000 lb total)","18 x 500 lb LDGP Mk 82 bombs + 4 x AIM-9J Sidewinder missiles (9,000 lb total)","10 x 750 lb M117 cone 45 bombs + 4 x AIM-9E Sidewinder missiles (7,500 lb total)","10 x 750 lb M117 cone 45 bombs + 4 x AIM-9J Sidewinder missiles (7,500 lb total)","7 x 1,000 lb LDGP Mk 83 bombs + 4 x AIM-9E Sidewinder missiles (7,000 lb total)","7 x 1,000 lb LDGP Mk 83 bombs + 4 x AIM-9J Sidewinder missiles (7,000 lb total)","3 x 2,000 lb LDGP Mk 84 bombs + 4 x AIM-9E Sidewinder missiles (6,000 lb total)","3 x 2,000 lb LDGP Mk 84 bombs + 4 x AIM-9J Sidewinder missiles (6,000 lb total)",171 x FFAR Mighty Mouse rockets + 4 x AIM-9E Sidewinder missiles,171 x FFAR Mighty Mouse rockets + 4 x AIM-9J Sidewinder missiles,36 x Zuni Mk32 Mod 0 ATAP rockets + 4 x AIM-9E Sidewinder missiles,36 x Zuni Mk32 Mod 0 ATAP rockets + 4 x AIM-9J Sidewinder missiles,"4 x AIM-7E Sparrow missiles + 1 x 20 mm M61 cannon (1,200 rpg)",4 x AIM-7E Sparrow missiles + 4 x AIM-9E Sidewinder missiles,4 x AIM-7E Sparrow missiles + 4 x AIM-9J Sidewinder missiles,"4 x AIM-7E Sparrow missiles + 24 x 500 lb LDGP Mk 82 bombs (12,000 lb total)","4 x AIM-7E Sparrow missiles + 16 x 750 lb M117 cone 45 bombs (12,000 lb total)","4 x AIM-7E Sparrow missiles + 11 x 1,000 lb LDGP Mk 83 bombs (11,000 lb total)","4 x AIM-7E Sparrow missiles + 18 x 500 lb LDGP Mk 82 bombs + 4 x AIM-9E Sidewinder missiles (9,000 lb total)","4 x AIM-7E Sparrow missiles + 18 x 500 lb LDGP Mk 82 bombs + 4 x AIM-9J Sidewinder missiles (9,000 lb total)","4 x AIM-7E Sparrow missiles + 10 x 750 lb M117 cone 45 bombs + 4 x AIM-9E Sidewinder missiles (7,500 lb total)","4 x AIM-7E Sparrow missiles + 10 x 750 lb M117 cone 45 bombs + 4 x AIM-9J Sidewinder missiles (7,500 lb total)","4 x AIM-7E Sparrow missiles + 7 x 1,000 lb LDGP Mk 83 bombs + 4 x AIM-9E Sidewinder missiles (7,000 lb total)","4 x AIM-7E Sparrow missiles + 7 x 1,000 lb LDGP Mk 83 bombs + 4 x AIM-9J Sidewinder missiles (7,000 lb total)",4 x AGM-65B missiles,2 x AGM-65B missiles + 4 x AIM-9E Sidewinder missiles,2 x AGM-65B missiles + 4 x AIM-9J Sidewinder missiles,"4 x AIM-7E-2 Sparrow missiles + 1 x 20 mm M61 cannon (1,200 rpg)",4 x AIM-7E-2 Sparrow missiles + 4 x AIM-9E Sidewinder missiles,4 x AIM-7E-2 Sparrow missiles + 4 x AIM-9J Sidewinder missiles,"4 x AIM-7E-2 Sparrow missiles + 24 x 500 lb LDGP Mk 82 bombs (12,000 lb total)","4 x AIM-7E-2 Sparrow missiles + 16 x 750 lb M117 cone 45 bombs (12,000 lb total)","4 x AIM-7E-2 Sparrow missiles + 11 x 1,000 lb LDGP Mk 83 bombs (11,000 lb total)","4 x AIM-7E-2 Sparrow missiles + 18 x 500 lb LDGP Mk 82 bombs + 4 x AIM-9E Sidewinder missiles (9,000 lb total)","4 x AIM-7E-2 Sparrow missiles + 18 x 500 lb LDGP Mk 82 bombs + 4 x AIM-9J Sidewinder missiles (9,000 lb total)","4 x AIM-7E-2 Sparrow missiles + 10 x 750 lb M117 cone 45 bombs + 4 x AIM-9E Sidewinder missiles (7,500 lb total)","4 x AIM-7E-2 Sparrow missiles + 10 x 750 lb M117 cone 45 bombs + 4 x AIM-9J Sidewinder missiles (7,500 lb total)","4 x AIM-7E-2 Sparrow missiles + 7 x 1,000 lb LDGP Mk 83 bombs + 4 x AIM-9E Sidewinder missiles (7,000 lb total)","4 x AIM-7E-2 Sparrow missiles + 7 x 1,000 lb LDGP Mk 83 bombs + 4 x AIM-9J Sidewinder missiles (7,000 lb total)"
F-5A,2 x AIM-9B Sidewinder missiles,"18 x 250 lb LDGP Mk 81 bombs (4,500 lb total)","5 x 500 lb LDGP Mk 82 bombs (2,500 lb total)","5 x 750 lb M117 cone 45 bombs (3,750 lb total)","3 x 1,000 lb LDGP Mk 83 bombs (3,000 lb total)","1 x 2,000 lb LDGP Mk 84 bomb (2,000 lb total)",8 x Zuni Mk32 Mod 0 ATAP rockets,76 x FFAR Mighty Mouse rockets,4 x AGM-12B Bullpup missiles,"2 x AIM-9E Sidewinder missiles + 18 x 250 lb LDGP Mk 81 bombs (4,500 lb total)","2 x AIM-9E Sidewinder missiles + 5 x 500 lb LDGP Mk 82 bombs (2,500 lb total)","2 x AIM-9E Sidewinder missiles + 5 x 750 lb M117 cone 45 bombs (3,750 lb total)","2 x AIM-9E Sidewinder missiles + 3 x 1,000 lb LDGP Mk 83 bombs (3,000 lb total)","1 x 2,000 lb LDGP Mk 84 bomb + 2 x AIM-9B Sidewinder missiles (2,000 lb total)",2 x AIM-9E Sidewinder missiles + 76 x FFAR Mighty Mouse rockets,8 x Zuni Mk32 Mod 0 ATAP rockets + 2 x AIM-9E Sidewinder missiles,8 x Zuni Mk32 Mod 0 ATAP rockets + 2 x AGM-12B Bullpup missiles,8 x Zuni Mk32 Mod 0 ATAP rockets + 38 x FFAR Mighty Mouse rockets,"8 x Zuni Mk32 Mod 0 ATAP rockets + 6 x 250 lb LDGP Mk 81 bombs (1,500 lb total)","8 x Zuni Mk32 Mod 0 ATAP rockets + 3 x 500 lb LDGP Mk 82 bombs (1,500 lb total)","8 x Zuni Mk32 Mod 0 ATAP rockets + 1 x 1,000 lb LDGP Mk 83 bomb (1,000 lb total)","8 x Zuni Mk32 Mod 0 ATAP rockets + 3 x 750 lb M117 cone 45 bombs (2,250 lb total)",2 x AIM-9E Sidewinder missiles + 8 x Zuni Mk32 Mod 0 ATAP rockets + 2 x AGM-12B Bullpup missiles,2 x AIM-9E Sidewinder missiles + 8 x Zuni Mk32 Mod 0 ATAP rockets + 38 x FFAR Mighty Mouse rockets,"2 x AIM-9E Sidewinder missiles + 8 x Zuni Mk32 Mod 0 ATAP rockets + 6 x 250 lb LDGP Mk 81 bombs (1,500 lb total)","2 x AIM-9E Sidewinder missiles + 8 x Zuni Mk32 Mod 0 ATAP rockets + 3 x 500 lb LDGP Mk 82 bombs (1,500 lb total)","2 x AIM-9E Sidewinder missiles + 8 x Zuni Mk32 Mod 0 ATAP rockets + 1 x 1,000 lb LDGP Mk 83 bomb (1,000 lb total)","2 x AIM-9E Sidewinder missiles + 8 x Zuni Mk32 Mod 0 ATAP rockets + 3 x 750 lb M117 cone 45 bombs (2,250 lb total)",2 x AIM-9E Sidewinder missiles + 2 x AGM-12B Bullpup missiles,2 x AIM-9E Sidewinder missiles,"2 x AIM-9E Sidewinder missiles + 6 x 250 lb LDGP Mk 81 bombs + 76 x FFAR Mighty Mouse rockets (1,500 lb total)","2 x AIM-9E Sidewinder missiles + 2 x AGM-12B Bullpup missiles + 3 x 500 lb LDGP Mk 82 bombs (1,500 lb total)","2 x AIM-9E Sidewinder missiles + 2 x AGM-12B Bullpup missiles + 3 x 750 lb M117 cone 45 bombs (2,250 lb total)","2 x AIM-9E Sidewinder missiles + 76 x FFAR Mighty Mouse rockets + 1 x 1,000 lb LDGP Mk 83 bomb (1,000 lb total)",2 x AIM-9E Sidewinder missiles + 76 x FFAR Mighty Mouse rockets + 1 x 750 lb M117 cone 45 bomb (750 lb total),"2 x AIM-9E Sidewinder missiles + 38 x FFAR Mighty Mouse rockets + 3 x 750 lb M117 cone 45 bombs (2,250 lb total)",2 x AIM-9E Sidewinder missiles + 38 x FFAR Mighty Mouse rockets + 1 x 750 lb M117 cone 45 bomb + 2 x AGM-12B Bullpup missiles (750 lb total),2 x AIM-9E Sidewinder missiles + 38 x FFAR Mighty Mouse rockets + 2 x AGM-12B Bullpup missiles + 1 x 500 lb LDGP Mk 82 bomb (500 lb total),"2 x AIM-9E Sidewinder missiles + 38 x FFAR Mighty Mouse rockets + 2 x AGM-12B Bullpup missiles + 1 x 1,000 lb LDGP Mk 83 bomb (1,000 lb total)",,,,,,,,,,,
F-5C,2 x AIM-9E Sidewinder missiles,"2 x AIM-9E Sidewinder missiles + 18 x 250 lb LDGP Mk 81 bombs (4,500 lb total)","2 x AIM-9E Sidewinder missiles + 5 x 500 lb LDGP Mk 82 bombs (2,500 lb total)","2 x AIM-9E Sidewinder missiles + 5 x 750 lb M117 cone 45 bombs (3,750 lb total)","2 x AIM-9E Sidewinder missiles + 3 x 1,000 lb LDGP Mk 83 bombs (3,000 lb total)","2 x AIM-9E Sidewinder missiles + 1 x 2,000 lb LDGP Mk 84 bomb (2,000 lb total)",2 x AIM-9E Sidewinder missiles + 8 x Zuni Mk32 Mod 0 ATAP rockets,2 x AIM-9E Sidewinder missiles + 8 x Zuni Mk32 Mod 0 ATAP rockets + 2 x AGM-12B Bullpup missiles,2 x AIM-9E Sidewinder missiles + 8 x Zuni Mk32 Mod 0 ATAP rockets + 38 x FFAR Mighty Mouse rockets,"2 x AIM-9E Sidewinder missiles + 8 x Zuni Mk32 Mod 0 ATAP rockets + 6 x 250 lb LDGP Mk 81 bombs (1,500 lb total)","2 x AIM-9E Sidewinder missiles + 8 x Zuni Mk32 Mod 0 ATAP rockets + 3 x 500 lb LDGP Mk 82 bombs (1,500 lb total)","2 x AIM-9E Sidewinder missiles + 8 x Zuni Mk32 Mod 0 ATAP rockets + 3 x 750 lb M117 cone 45 bombs (2,250 lb total)","2 x AIM-9E Sidewinder missiles + 8 x Zuni Mk32 Mod 0 ATAP rockets + 1 x 1,000 lb LDGP Mk 83 bomb (1,000 lb total)",2 x AIM-9E Sidewinder missiles + 76 x FFAR Mighty Mouse rockets,"2 x AIM-9E Sidewinder missiles + 76 x FFAR Mighty Mouse rockets + 6 x 250 lb LDGP Mk 81 bombs (1,500 lb total)",2 x AIM-9E Sidewinder missiles + 76 x FFAR Mighty Mouse rockets + 1 x 750 lb M117 cone 45 bomb (750 lb total),"2 x AIM-9E Sidewinder missiles + 38 x FFAR Mighty Mouse rockets + 3 x 750 lb M117 cone 45 bombs (2,250 lb total)","2 x AIM-9E Sidewinder missiles + 76 x FFAR Mighty Mouse rockets + 1 x 1,000 lb LDGP Mk 83 bomb (1,000 lb total)",2 x AIM-9E Sidewinder missiles + 4 x AGM-12B Bullpup missiles,"2 x AIM-9E Sidewinder missiles + 2 x AGM-12B Bullpup missiles + 3 x 500 lb LDGP Mk 82 bombs (1,500 lb total)","2 x AIM-9E Sidewinder missiles + 2 x AGM-12B Bullpup missiles + 3 x 750 lb M117 cone 45 bombs (2,250 lb total)",2 x AIM-9E Sidewinder missiles + 2 x AGM-12B Bullpup missiles + 38 x FFAR Mighty Mouse rockets + 1 x 750 lb M117 cone 45 bomb (750 lb total),2 x AIM-9E Sidewinder missiles + 2 x AGM-12B Bullpup missiles + 38 x FFAR Mighty Mouse rockets + 1 x 500 lb LDGP Mk 82 bomb (500 lb total),"2 x AIM-9E Sidewinder missiles + 2 x AGM-12B Bullpup missiles + 38 x FFAR Mighty Mouse rockets + 1 x 1,000 lb LDGP Mk 83 bomb (1,000 lb total)",,,,,,,,,,,,,,,,,,,,,,,,,,
F-5E,2 x AIM-9B Sidewinder missiles,"5 x 750 lb M117 cone 45 bombs (3,750 lb total)","5 x 500 lb LDGP Mk 82 bombs (2,500 lb total)","3 x 1,000 lb LDGP Mk 83 bombs (3,000 lb total)","1 x 2,000 lb LDGP Mk 84 bomb (2,000 lb total)",76 x FFAR Mighty Mouse rockets,8 x Zuni Mk32 Mod 0 ATAP rockets,4 x AGM-65B missiles,1 x 30 mm GAU-13/A cannon (353 rpg),2 x AIM-9E Sidewinder missiles,"2 x AIM-9E Sidewinder missiles + 5 x 500 lb LDGP Mk 82 bombs (2,500 lb total)","2 x AIM-9E Sidewinder missiles + 5 x 750 lb M117 cone 45 bombs (3,750 lb total)","2 x AIM-9E Sidewinder missiles + 3 x 1,000 lb LDGP Mk 83 bombs (3,000 lb total)","2 x AIM-9E Sidewinder missiles + 1 x 2,000 lb LDGP Mk 84 bomb (2,000 lb total)",2 x AIM-9E Sidewinder missiles + 76 x FFAR Mighty Mouse rockets,2 x AIM-9E Sidewinder missiles + 76 x FFAR Mighty Mouse rockets + 1 x 750 lb M117 cone 45 bomb (750 lb total),"2 x AIM-9E Sidewinder missiles + 38 x FFAR Mighty Mouse rockets + 3 x 750 lb M117 cone 45 bombs (2,250 lb total)","2 x AIM-9E Sidewinder missiles + 76 x FFAR Mighty Mouse rockets + 1 x 1,000 lb LDGP Mk 83 bomb (1,000 lb total)",2 x AIM-9E Sidewinder missiles + 8 x Zuni Mk32 Mod 0 ATAP rockets,2 x AIM-9E Sidewinder missiles + 8 x Zuni Mk32 Mod 0 ATAP rockets + 38 x FFAR Mighty Mouse rockets,"2 x AIM-9E Sidewinder missiles + 8 x Zuni Mk32 Mod 0 ATAP rockets + 3 x 500 lb LDGP Mk 82 bombs (1,500 lb total)","2 x AIM-9E Sidewinder missiles + 8 x Zuni Mk32 Mod 0 ATAP rockets + 1 x 1,000 lb LDGP Mk 83 bomb (1,000 lb total)","2 x AIM-9E Sidewinder missiles + 8 x Zuni Mk32 Mod 0 ATAP rockets + 3 x 750 lb M117 cone 45 bombs (2,250 lb total)",2 x AIM-9E Sidewinder missiles + 4 x AGM-65B missiles,2 x AIM-9E Sidewinder missiles + 1 x 30 mm GAU-13/A cannon (353 rpg),2 x AIM-9J Sidewinder missiles,"2 x AIM-9J Sidewinder missiles + 5 x 500 lb LDGP Mk 82 bombs (2,500 lb total)","2 x AIM-9J Sidewinder missiles + 5 x 750 lb M117 cone 45 bombs (3,750 lb total)","2 x AIM-9J Sidewinder missiles + 3 x 1,000 lb LDGP Mk 83 bombs (3,000 lb total)","2 x AIM-9J Sidewinder missiles + 1 x 2,000 lb LDGP Mk 84 bomb (2,000 lb total)",2 x AIM-9J Sidewinder missiles + 76 x FFAR Mighty Mouse rockets,2 x AIM-9J Sidewinder missiles + 76 x FFAR Mighty Mouse rockets + 1 x 750 lb M117 cone 45 bomb (750 lb total),"2 x AIM-9J Sidewinder missiles + 38 x FFAR Mighty Mouse rockets + 3 x 750 lb M117 cone 45 bombs (2,250 lb total)","2 x AIM-9J Sidewinder missiles + 76 x FFAR Mighty Mouse rockets + 1 x 1,000 lb LDGP Mk 83 bomb (1,000 lb total)",2 x AIM-9J Sidewinder missiles + 8 x Zuni Mk32 Mod 0 ATAP rockets,2 x AIM-9J Sidewinder missiles + 8 x Zuni Mk32 Mod 0 ATAP rockets + 38 x FFAR Mighty Mouse rockets,"2 x AIM-9J Sidewinder missiles + 8 x Zuni Mk32 Mod 0 ATAP rockets + 3 x 500 lb LDGP Mk 82 bombs (1,500 lb total)","2 x AIM-9J Sidewinder missiles + 8 x Zuni Mk32 Mod 0 ATAP rockets + 1 x 1,000 lb LDGP Mk 83 bomb (1,000 lb total)","2 x AIM-9J Sidewinder missiles + 8 x Zuni Mk32 Mod 0 ATAP rockets + 3 x 750 lb M117 cone 45 bombs (2,250 lb total)",2 x AIM-9J Sidewinder missiles + 4 x AGM-65B missiles,2 x AIM-9J Sidewinder missiles + 1 x 30 mm GAU-13/A cannon (353 rpg),,,,,,,,,
F-80A-5,8 x HVAR rockets,"2 x 1,000 lb AN-M65A1 bombs (2,000 lb total)",,,,,,,,,,,,,,,,,,,,,,,,,,,,,,,,,,,,,,,,,,,,,,,,
F-80C-10,8 x HVAR rockets,"2 x 1,000 lb AN-M65A1 bombs (2,000 lb total)",,,,,,,,,,,,,,,,,,,,,,,,,,,,,,,,,,,,,,,,,,,,,,,,
F-82E,"2 x 500 lb AN-M64A1 bombs (1,000 lb total)","2 x 1,000 lb AN-M65A1 bombs (2,000 lb total)","2 x 2,000 lb AN-M66A2 bombs (4,000 lb total)",10 x HVAR rockets,"8 x 12.7 mm M2 Browning machine guns, centre-mounted (gunpod) (400 rpg = 3,200 total)",,,,,,,,,,,,,,,,,,,,,,,,,,,,,,,,,,,,,,,,,,,,,
F-84B-26,4 x HVAR rockets,8 x HVAR rockets,"8 x HVAR rockets + 2 x 1,000 lb AN-M65A1 bombs (2,000 lb total)","8 x HVAR rockets + 2 x 500 lb AN-M64A1 bombs (1,000 lb total)",8 x HVAR rockets + 2 x 250 lb AN-M57 bombs (500 lb total),8 x HVAR rockets + 2 x 100 lb AN-M30A1 bombs (200 lb total),8 x HVAR rockets + 2 x Tiny Tim rockets,2 x Tiny Tim rockets,"2 x 1,000 lb AN-M65A1 bombs (2,000 lb total)","2 x 500 lb AN-M64A1 bombs (1,000 lb total)",2 x 250 lb AN-M57 bombs (500 lb total),2 x 100 lb AN-M30A1 bombs (200 lb total),,,,,,,,,,,,,,,,,,,,,,,,,,,,,,,,,,,,,,
F-84F,12 x HVAR rockets (inner pylons),12 x HVAR rockets (outer pylons),24 x HVAR rockets,42 x FFAR Mighty Mouse rockets,"4 x 250 lb LDGP Mk 81 bombs (1,000 lb total)","4 x 500 lb LDGP Mk 82 bombs (2,000 lb total)","4 x 1,000 lb LDGP Mk 83 bombs (4,000 lb total)","2 x 2,000 lb LDGP Mk 84 bombs (4,000 lb total)",,,,,,,,,,,,,,,,,,,,,,,,,,,,,,,,,,,,,,,,,,
F-84G-21-RE,2 x 100 lb AN-M30A1 bombs (200 lb total),2 x 250 lb AN-M57 bombs (500 lb total),"2 x 500 lb AN-M64A1 bombs (1,000 lb total)","2 x 1,000 lb AN-M65A1 bombs (2,000 lb total)",24 x HVAR rockets,32 x HVAR rockets,24 x HVAR rockets + 2 x 100 lb AN-M30A1 bombs (200 lb total),24 x HVAR rockets + 2 x 250 lb AN-M57 bombs (500 lb total),"24 x HVAR rockets + 2 x 500 lb AN-M64A1 bombs (1,000 lb total)","24 x HVAR rockets + 2 x 1,000 lb AN-M65A1 bombs (2,000 lb total)",24 x HVAR rockets + 2 x Tiny Tim rockets,,,,,,,,,,,,,,,,,,,,,,,,,,,,,,,,,,,,,,,
F-86A-5,16 x HVAR rockets,"2 x 1,000 lb AN-M65A1 Fin M129 bombs (2,000 lb total)",,,,,,,,,,,,,,,,,,,,,,,,,,,,,,,,,,,,,,,,,,,,,,,,
F-86F-2,16 x HVAR rockets,"2 x 1,000 lb AN-M65A1 Fin M129 bombs (2,000 lb total)",,,,,,,,,,,,,,,,,,,,,,,,,,,,,,,,,,,,,,,,,,,,,,,,
F-86F-25,16 x HVAR rockets,"2 x 1,000 lb AN-M65A1 Fin M129 bombs (2,000 lb total)",,,,,,,,,,,,,,,,,,,,,,,,,,,,,,,,,,,,,,,,,,,,,,,,
F-86F-35,16 x HVAR rockets,"2 x 1,000 lb AN-M65A1 Fin M129 bombs (2,000 lb total)",,,,,,,,,,,,,,,,,,,,,,,,,,,,,,,,,,,,,,,,,,,,,,,,
F-89B,None,,,,,,,,,,,,,,,,,,,,,,,,,,,,,,,,,,,,,,,,,,,,,,,,,
F-89D,104 x FFAR Mighty Mouse rockets,104 x FFAR Mighty Mouse rockets + 16 x HVAR rockets,104 x FFAR Mighty Mouse rockets M439,,,,,,,,,,,,,,,,,,,,,,,,,,,,,,,,,,,,,,,,,,,,,,,
F-8E,2 x AIM-9B Sidewinder missiles,4 x AIM-9B Sidewinder missiles,4 x AIM-9C Sidewinder missiles,4 x AIM-9D Sidewinder missiles,8 x Zuni Mk32 Mod 0 ATAP rockets,4 x Zuni Mk32 Mod 0 ATAP rockets + 2 x AIM-9B Sidewinder missiles,4 x Zuni Mk32 Mod 0 ATAP rockets + 2 x AIM-9C Sidewinder missiles,4 x Zuni Mk32 Mod 0 ATAP rockets + 2 x AIM-9D Sidewinder missiles,2 x AGM-12B Bullpup missiles,"2 x 1,000 lb LDGP Mk 83 bombs (2,000 lb total)","2 x 2,000 lb LDGP Mk 84 bombs (4,000 lb total)","8 x 500 lb LDGP Mk 82 bombs (4,000 lb total)","12 x 250 lb LDGP Mk 81 bombs (3,000 lb total)",114 x FFAR Mighty Mouse rockets,24 x Zuni Mk32 Mod 0 ATAP rockets,24 x Zuni Mk32 Mod 0 ATAP rockets + 4 x AIM-9D Sidewinder missiles,24 x Zuni Mk32 Mod 0 ATAP rockets + 4 x AIM-9C Sidewinder missiles,24 x Zuni Mk32 Mod 0 ATAP rockets + 4 x AIM-9B Sidewinder missiles,28 x Zuni Mk32 Mod 0 ATAP rockets,2 x AGM-12B Bullpup missiles + 4 x AIM-9D Sidewinder missiles,2 x AGM-12B Bullpup missiles + 4 x AIM-9B Sidewinder missiles,2 x AGM-12B Bullpup missiles + 4 x AIM-9C Sidewinder missiles,2 x AGM-12B Bullpup missiles + 4 x Zuni Mk32 Mod 0 ATAP rockets,"12 x 250 lb LDGP Mk 81 bombs + 4 x AIM-9D Sidewinder missiles (3,000 lb total)","12 x 250 lb LDGP Mk 81 bombs + 4 x AIM-9B Sidewinder missiles (3,000 lb total)","12 x 250 lb LDGP Mk 81 bombs + 4 x AIM-9C Sidewinder missiles (3,000 lb total)","12 x 250 lb LDGP Mk 81 bombs + 4 x Zuni Mk32 Mod 0 ATAP rockets (3,000 lb total)","8 x 500 lb LDGP Mk 82 bombs + 4 x AIM-9D Sidewinder missiles (4,000 lb total)","8 x 500 lb LDGP Mk 82 bombs + 4 x AIM-9B Sidewinder missiles (4,000 lb total)","8 x 500 lb LDGP Mk 82 bombs + 4 x AIM-9C Sidewinder missiles (4,000 lb total)","8 x 500 lb LDGP Mk 82 bombs + 4 x Zuni Mk32 Mod 0 ATAP rockets (4,000 lb total)","2 x 1,000 lb LDGP Mk 83 bombs + 4 x AIM-9D Sidewinder missiles (2,000 lb total)","2 x 1,000 lb LDGP Mk 83 bombs + 4 x AIM-9B Sidewinder missiles (2,000 lb total)","2 x 1,000 lb LDGP Mk 83 bombs + 4 x AIM-9C Sidewinder missiles (2,000 lb total)","2 x 1,000 lb LDGP Mk 83 bombs + 4 x Zuni Mk32 Mod 0 ATAP rockets (2,000 lb total)","2 x 2,000 lb LDGP Mk 84 bombs + 4 x AIM-9D Sidewinder missiles (4,000 lb total)","2 x 2,000 lb LDGP Mk 84 bombs + 4 x AIM-9B Sidewinder missiles (4,000 lb total)","2 x 2,000 lb LDGP Mk 84 bombs + 4 x AIM-9C Sidewinder missiles (4,000 lb total)","2 x 2,000 lb LDGP Mk 84 bombs + 4 x Zuni Mk32 Mod 0 ATAP rockets (4,000 lb total)",,,,,,,,,,,
F11F-1,2 x AIM-9B Sidewinder missiles,"4 x 500 lb LDGP Mk 82 bombs (2,000 lb total)","2 x 1,000 lb LDGP Mk 83 bombs (2,000 lb total)",28 x FFAR Mighty Mouse rockets,38 x FFAR Mighty Mouse rockets,52 x FFAR Mighty Mouse rockets,4 x AIM-9B Sidewinder missiles,"2 x AIM-9B Sidewinder missiles + 2 x 500 lb LDGP Mk 82 bombs (1,000 lb total)","2 x AIM-9B Sidewinder missiles + 2 x 1,000 lb LDGP Mk 83 bombs (2,000 lb total)",2 x AIM-9B Sidewinder missiles + 14 x FFAR Mighty Mouse rockets,2 x AIM-9B Sidewinder missiles + 38 x FFAR Mighty Mouse rockets,,,,,,,,,,,,,,,,,,,,,,,,,,,,,,,,,,,,,,,
F2A-1,None,,,,,,,,,,,,,,,,,,,,,,,,,,,,,,,,,,,,,,,,,,,,,,,,,
F2A-3,2 x 100 lb AN-M30A1 bombs (200 lb total),,,,,,,,,,,,,,,,,,,,,,,,,,,,,,,,,,,,,,,,,,,,,,,,,
F2G-1,2 x 250 lb AN-M57 bombs (500 lb total),"2 x 500 lb AN-M64A1 bombs (1,000 lb total)","2 x 1,000 lb AN-M65A1 bombs (2,000 lb total)",8 x HVAR rockets,2 x Tiny Tim rockets,,,,,,,,,,,,,,,,,,,,,,,,,,,,,,,,,,,,,,,,,,,,,
F2H-2,8 x HVAR rockets,"4 x 250 lb AN-M57 bombs (1,000 lb total)","2 x 500 lb AN-M64A1 bombs (1,000 lb total)",,,,,,,,,,,,,,,,,,,,,,,,,,,,,,,,,,,,,,,,,,,,,,,
F3D-1,"2 x 500 lb AN-M64A1 bombs (1,000 lb total)",2 x Tiny Tim rockets,"2 x 1,000 lb AN-M65A1 bombs (2,000 lb total)","2 x 2,000 lb AN-M66A2 bombs (4,000 lb total)",,,,,,,,,,,,,,,,,,,,,,,,,,,,,,,,,,,,,,,,,,,,,,
F3F-2,2 x 100 lb AN-M30A1 bombs (200 lb total),,,,,,,,,,,,,,,,,,,,,,,,,,,,,,,,,,,,,,,,,,,,,,,,,
F3H-2,2 x AIM-9B Sidewinder missiles,"6 x 250 lb AN-M57 bombs (1,500 lb total)","6 x 500 lb AN-M64A1 bombs (3,000 lb total)","6 x 250 lb LDGP Mk 81 bombs (1,500 lb total)","4 x 500 lb LDGP Mk 82 bombs (2,000 lb total)","2 x 1,000 lb LDGP Mk 83 bombs (2,000 lb total)","2 x 1,000 lb LDGP Mk 83 bombs + 6 x 250 lb AN-M57 bombs (3,500 lb total)","2 x 2,000 lb LDGP Mk 84 bombs (4,000 lb total)","1 x 3,000 lb M118 bomb (3,000 lb total)",56 x FFAR Mighty Mouse rockets,114 x FFAR Mighty Mouse rockets,4 x AIM-9B Sidewinder missiles,"2 x AIM-9B Sidewinder missiles + 2 x 1,000 lb LDGP Mk 83 bombs (2,000 lb total)","2 x AIM-9B Sidewinder missiles + 1 x 3,000 lb M118 bomb (3,000 lb total)",2 x AIM-9B Sidewinder missiles + 42 x FFAR Mighty Mouse rockets,2 x AIM-9B Sidewinder missiles + 76 x FFAR Mighty Mouse rockets,4 x AIM-7C Sparrow missiles,2 x AIM-7C Sparrow missiles + 2 x AIM-9B Sidewinder missiles,"2 x AIM-7C Sparrow missiles + 2 x 1,000 lb LDGP Mk 83 bombs (2,000 lb total)","2 x AIM-7C Sparrow missiles + 1 x 3,000 lb M118 bomb (3,000 lb total)",2 x AIM-7C Sparrow missiles + 42 x FFAR Mighty Mouse rockets,2 x AIM-7C Sparrow missiles + 76 x FFAR Mighty Mouse rockets,,,,,,,,,,,,,,,,,,,,,,,,,,,,
F4F-3,2 x 100 lb AN-M30A1 bombs (200 lb total),,,,,,,,,,,,,,,,,,,,,,,,,,,,,,,,,,,,,,,,,,,,,,,,,
F4F-4,2 x 100 lb AN-M30A1 bombs (200 lb total),,,,,,,,,,,,,,,,,,,,,,,,,,,,,,,,,,,,,,,,,,,,,,,,,
F4U-1A,1 x 500 lb AN-M64A1 bomb (500 lb total),"1 x 1,000 lb AN-M65A1 bomb (1,000 lb total)",,,,,,,,,,,,,,,,,,,,,,,,,,,,,,,,,,,,,,,,,,,,,,,,
F4U-1A (USMC),None,,,,,,,,,,,,,,,,,,,,,,,,,,,,,,,,,,,,,,,,,,,,,,,,,
F4U-1C,None,,,,,,,,,,,,,,,,,,,,,,,,,,,,,,,,,,,,,,,,,,,,,,,,,
F4U-1D,8 x HVAR rockets,"2 x 1,000 lb AN-M65A1 bombs (2,000 lb total)",,,,,,,,,,,,,,,,,,,,,,,,,,,,,,,,,,,,,,,,,,,,,,,,
F4U-4,"2 x 500 lb AN-M64A1 bombs + 8 x 100 lb AN-M30A1 bombs (1,800 lb total)","2 x 500 lb AN-M64A1 bombs + 2 x 250 lb AN-M57 bombs + 4 x 100 lb AN-M30A1 bombs (1,900 lb total)","2 x 1,000 lb AN-M65A1 bombs (2,000 lb total)",8 x HVAR rockets,,,,,,,,,,,,,,,,,,,,,,,,,,,,,,,,,,,,,,,,,,,,,,
F4U-4B,"2 x 500 lb AN-M64A1 bombs + 4 x 250 lb AN-M57 bombs (2,000 lb total)","2 x 1,000 lb AN-M65A1 bombs (2,000 lb total)",8 x HVAR rockets,,,,,,,,,,,,,,,,,,,,,,,,,,,,,,,,,,,,,,,,,,,,,,,
F4U-4B VMF-214,"2 x 500 lb AN-M64A1 bombs + 4 x 250 lb AN-M57 bombs (2,000 lb total)","2 x 1,000 lb AN-M65A1 bombs (2,000 lb total)",8 x HVAR rockets,,,,,,,,,,,,,,,,,,,,,,,,,,,,,,,,,,,,,,,,,,,,,,,
F6F-5,6 x HVAR rockets,2 x Tiny Tim rockets,"2 x 1,000 lb AN-M65A1 bombs (2,000 lb total)","6 x HVAR rockets + 2 x 1,000 lb AN-M65A1 bombs (2,000 lb total)","1 x 1,927 lb Mk.13-1 Case torpedo",,,,,,,,,,,,,,,,,,,,,,,,,,,,,,,,,,,,,,,,,,,,,
F6F-5N,6 x HVAR rockets,2 x Tiny Tim rockets,"2 x 1,000 lb AN-M65A1 bombs (2,000 lb total)","2 x 1,000 lb AN-M65A1 bombs + 6 x HVAR rockets (2,000 lb total)","1 x 1,927 lb Mk.13-1 Case torpedo",,,,,,,,,,,,,,,,,,,,,,,,,,,,,,,,,,,,,,,,,,,,,
F7F-1,"2 x 500 lb AN-M64A1 bombs (1,000 lb total)","1 x 1,000 lb AN-M65A1 bomb (1,000 lb total)","1 x 1,000 lb AN-M65A1 bomb + 2 x 500 lb AN-M64A1 bombs (2,000 lb total)",,,,,,,,,,,,,,,,,,,,,,,,,,,,,,,,,,,,,,,,,,,,,,,
F7F-3,"2 x 500 lb AN-M64A1 bombs (1,000 lb total)","1 x 1,000 lb AN-M65A1 bomb (1,000 lb total)",1 x Type A Mark I mine,"1 x 1,000 lb AN-M65A1 bomb + 2 x 500 lb AN-M64A1 bombs (2,000 lb total)","2 x 500 lb AN-M64A1 bombs + 1 x Type A Mark I mine (1,000 lb total)",3 x Tiny Tim rockets,2 x Tiny Tim rockets + 1 x Type A Mark I mine,8 x HVAR rockets,"8 x HVAR rockets + 1 x 1,000 lb AN-M65A1 bomb (1,000 lb total)",8 x HVAR rockets + 1 x Type A Mark I mine,,,,,,,,,,,,,,,,,,,,,,,,,,,,,,,,,,,,,,,,
F8F-1,"4 x 12.7 mm M2 Browning machine guns, wing-mounted (gunpods) (340 rpg = 1,360 total)",2 x Tiny Tim rockets,4 x HVAR rockets,"1 x 1,000 lb AN-M65A1 bomb + 4 x HVAR rockets (1,000 lb total)","1 x 1,000 lb AN-M65A1 bomb (1,000 lb total)","1 x 1,000 lb AN-M65A1 bomb + 2 x 500 lb AN-M64A1 bombs (2,000 lb total)","3 x 1,000 lb AN-M65A1 bombs (3,000 lb total)",,,,,,,,,,,,,,,,,,,,,,,,,,,,,,,,,,,,,,,,,,,
F8F-1B,"4 x 12.7 mm M2 Browning machine guns, wing-mounted (gunpods) (340 rpg = 1,360 total)",2 x Tiny Tim rockets,4 x HVAR rockets,"1 x 1,000 lb AN-M65A1 bomb + 4 x HVAR rockets (1,000 lb total)","1 x 1,000 lb AN-M65A1 bomb (1,000 lb total)","1 x 1,000 lb AN-M65A1 bomb + 2 x 500 lb AN-M64A1 bombs (2,000 lb total)","3 x 1,000 lb AN-M65A1 bombs (3,000 lb total)",,,,,,,,,,,,,,,,,,,,,,,,,,,,,,,,,,,,,,,,,,,
F8U-2,2 x AIM-9B Sidewinder missiles,4 x AIM-9B Sidewinder missiles,2 x AIM-9D Sidewinder missiles,4 x AIM-9D Sidewinder missiles,4 x Zuni Mk32 Mod 0 ATAP rockets,8 x Zuni Mk32 Mod 0 ATAP rockets,4 x Zuni Mk32 Mod 0 ATAP rockets + 2 x AIM-9B Sidewinder missiles,32 x FFAR Mighty Mouse rockets + 4 x AIM-9B Sidewinder missiles,32 x FFAR Mighty Mouse rockets + 2 x AIM-9D Sidewinder missiles,32 x FFAR Mighty Mouse rockets + 4 x AIM-9D Sidewinder missiles,32 x FFAR Mighty Mouse rockets + 4 x Zuni Mk32 Mod 0 ATAP rockets,32 x FFAR Mighty Mouse rockets + 8 x Zuni Mk32 Mod 0 ATAP rockets,32 x FFAR Mighty Mouse rockets + 4 x Zuni Mk32 Mod 0 ATAP rockets + 2 x AIM-9B Sidewinder missiles,32 x FFAR Mighty Mouse rockets + 4 x Zuni Mk32 Mod 0 ATAP rockets + 2 x AIM-9D Sidewinder missiles,,,,,,,,,,,,,,,,,,,,,,,,,,,,,,,,,,,,
F9F-2,"2 x 1,000 lb AN-M65A1 bombs (2,000 lb total)","6 x 500 lb AN-M64A1 bombs (3,000 lb total)",6 x HVAR rockets,8 x 100 lb AN-M30A1 bombs (800 lb total),6 x 100 lb AN-M30A1 bombs (600 lb total),2 x Tiny Tim rockets,,,,,,,,,,,,,,,,,,,,,,,,,,,,,,,,,,,,,,,,,,,,
F9F-5,"2 x 1,000 lb AN-M65A1 bombs (2,000 lb total)","6 x 500 lb AN-M64A1 bombs (3,000 lb total)",6 x HVAR rockets,8 x 100 lb AN-M30A1 bombs (800 lb total),6 x 100 lb AN-M30A1 bombs (600 lb total),,,,,,,,,,,,,,,,,,,,,,,,,,,,,,,,,,,,,,,,,,,,,
F9F-8,2 x AIM-9B Sidewinder missiles,"4 x 500 lb AN-M64A1 bombs (2,000 lb total)","2 x 1,000 lb LDGP Mk 83 bombs (2,000 lb total)",4 x AIM-9B Sidewinder missiles,,,,,,,,,,,,,,,,,,,,,,,,,,,,,,,,,,,,,,,,,,,,,,
FJ-4B,2 x AIM-9B Sidewinder missiles,"6 x 250 lb LDGP Mk 81 bombs (1,500 lb total)","6 x 500 lb LDGP Mk 82 bombs (3,000 lb total)","2 x 1,000 lb LDGP Mk 83 bombs (2,000 lb total)","2 x 1,000 lb LDGP Mk 83 bombs + 4 x 500 lb LDGP Mk 82 bombs (4,000 lb total)","2 x 2,000 lb LDGP Mk 84 bombs (4,000 lb total)",114 x FFAR Mighty Mouse rockets,4 x AIM-9B Sidewinder missiles,2 x AIM-9B Sidewinder missiles + 76 x FFAR Mighty Mouse rockets,"2 x AIM-9B Sidewinder missiles + 4 x 250 lb LDGP Mk 81 bombs (1,000 lb total)","2 x AIM-9B Sidewinder missiles + 4 x 500 lb LDGP Mk 82 bombs (2,000 lb total)","2 x AIM-9B Sidewinder missiles + 2 x 1,000 lb LDGP Mk 83 bombs + 2 x 500 lb LDGP Mk 82 bombs (3,000 lb total)",,,,,,,,,,,,,,,,,,,,,,,,,,,,,,,,,,,,,,
FJ-4B VMF-232,2 x AIM-9B Sidewinder missiles,"6 x 250 lb LDGP Mk 81 bombs (1,500 lb total)","6 x 500 lb LDGP Mk 82 bombs (3,000 lb total)","2 x 1,000 lb LDGP Mk 83 bombs (2,000 lb total)","2 x 1,000 lb LDGP Mk 83 bombs + 4 x 500 lb LDGP Mk 82 bombs (4,000 lb total)","2 x 2,000 lb LDGP Mk 84 bombs (4,000 lb total)",114 x FFAR Mighty Mouse rockets,4 x AIM-9B Sidewinder missiles,5 x AGM-12B Bullpup missiles,"2 x AIM-9B Sidewinder missiles + 4 x 250 lb LDGP Mk 81 bombs (1,000 lb total)","2 x AIM-9B Sidewinder missiles + 4 x 500 lb LDGP Mk 82 bombs (2,000 lb total)","2 x AIM-9B Sidewinder missiles + 2 x 1,000 lb LDGP Mk 83 bombs + 2 x 500 lb LDGP Mk 82 bombs (3,000 lb total)",,,,,,,,,,,,,,,,,,,,,,,,,,,,,,,,,,,,,,
Fw 190 A-8 (USA),None,,,,,,,,,,,,,,,,,,,,,,,,,,,,,,,,,,,,,,,,,,,,,,,,,
Galer's F3F-2,2 x 100 lb AN-M30A1 bombs (200 lb total),,,,,,,,,,,,,,,,,,,,,,,,,,,,,,,,,,,,,,,,,,,,,,,,,
Ki-43-II (USA),None,,,,,,,,,,,,,,,,,,,,,,,,,,,,,,,,,,,,,,,,,,,,,,,,,
Ki-61-Ib (USA),None,,,,,,,,,,,,,,,,,,,,,,,,,,,,,,,,,,,,,,,,,,,,,,,,,
Kingcobra (USA),"3 x 500 lb AN-M64A1 bombs (1,500 lb total)",,,,,,,,,,,,,,,,,,,,,,,,,,,,,,,,,,,,,,,,,,,,,,,,,
Lanovski's P-47M-1-RE,1 x 500 lb AN-M64A1 bomb (500 lb total),"2 x 1,000 lb AN-M65A1 bombs (2,000 lb total)","2 x 1,000 lb AN-M65A1 bombs + 1 x 500 lb AN-M64A1 bomb (2,500 lb total)",10 x HVAR rockets,10 x HVAR rockets + 1 x 500 lb AN-M64A1 bomb (500 lb total),"10 x HVAR rockets + 2 x 1,000 lb AN-M65A1 bombs (2,000 lb total)","10 x HVAR rockets + 2 x 1,000 lb AN-M65A1 bombs + 1 x 500 lb AN-M64A1 bomb (2,500 lb total)",,,,,,,,,,,,,,,,,,,,,,,,,,,,,,,,,,,,,,,,,,,
OS2U-1,2 x 100 lb AN-M30A1 bombs (200 lb total),,,,,,,,,,,,,,,,,,,,,,,,,,,,,,,,,,,,,,,,,,,,,,,,,
OS2U-3,2 x 100 lb AN-M30A1 bombs (200 lb total),,,,,,,,,,,,,,,,,,,,,,,,,,,,,,,,,,,,,,,,,,,,,,,,,
P-26A-33,2 x 100 lb AN-M30A1 bombs (200 lb total),,,,,,,,,,,,,,,,,,,,,,,,,,,,,,,,,,,,,,,,,,,,,,,,,
P-26A-34,2 x 100 lb AN-M30A1 bombs (200 lb total),,,,,,,,,,,,,,,,,,,,,,,,,,,,,,,,,,,,,,,,,,,,,,,,,
P-26A-34 M2,2 x 100 lb AN-M30A1 bombs (200 lb total),,,,,,,,,,,,,,,,,,,,,,,,,,,,,,,,,,,,,,,,,,,,,,,,,
P-26B-35,2 x 100 lb AN-M30A1 bombs (200 lb total),,,,,,,,,,,,,,,,,,,,,,,,,,,,,,,,,,,,,,,,,,,,,,,,,
P-36A,None,,,,,,,,,,,,,,,,,,,,,,,,,,,,,,,,,,,,,,,,,,,,,,,,,
P-36C,None,,,,,,,,,,,,,,,,,,,,,,,,,,,,,,,,,,,,,,,,,,,,,,,,,
P-36G,None,,,,,,,,,,,,,,,,,,,,,,,,,,,,,,,,,,,,,,,,,,,,,,,,,
P-38E,None,,,,,,,,,,,,,,,,,,,,,,,,,,,,,,,,,,,,,,,,,,,,,,,,,
P-38G-1,6 x M8 rockets,,,,,,,,,,,,,,,,,,,,,,,,,,,,,,,,,,,,,,,,,,,,,,,,,
P-38J-15,"2 x 500 lb AN-M64A1 bombs (1,000 lb total)",6 x M8 rockets,,,,,,,,,,,,,,,,,,,,,,,,,,,,,,,,,,,,,,,,,,,,,,,,
P-38K,None,,,,,,,,,,,,,,,,,,,,,,,,,,,,,,,,,,,,,,,,,,,,,,,,,
P-38L-5-LO,"2 x 500 lb AN-M64A1 bombs (1,000 lb total)",10 x HVAR rockets,"4 x 12.7 mm M2 Browning machine guns (340 rpg = 1,360 total)",,,,,,,,,,,,,,,,,,,,,,,,,,,,,,,,,,,,,,,,,,,,,,,
P-39N-0,6 x M8 rockets,1 x 500 lb AN-M64A1 bomb (500 lb total),,,,,,,,,,,,,,,,,,,,,,,,,,,,,,,,,,,,,,,,,,,,,,,,
P-39Q-5,6 x M8 rockets,1 x 500 lb AN-M64A1 bomb (500 lb total),,,,,,,,,,,,,,,,,,,,,,,,,,,,,,,,,,,,,,,,,,,,,,,,
P-400,1 x 500 lb AN-M64A1 bomb (500 lb total),,,,,,,,,,,,,,,,,,,,,,,,,,,,,,,,,,,,,,,,,,,,,,,,,
P-40C,1 x 500 lb AN-M64A1 bomb (500 lb total),,,,,,,,,,,,,,,,,,,,,,,,,,,,,,,,,,,,,,,,,,,,,,,,,
P-40E-1,2 x 100 lb AN-M30A1 bombs (200 lb total),1 x 500 lb AN-M64A1 bomb (500 lb total),1 x 500 lb AN-M64A1 bomb + 2 x 100 lb AN-M30A1 bombs (700 lb total),,,,,,,,,,,,,,,,,,,,,,,,,,,,,,,,,,,,,,,,,,,,,,,
P-40E-1 TD,2 x 100 lb AN-M30A1 bombs (200 lb total),1 x 500 lb AN-M64A1 bomb (500 lb total),1 x 500 lb AN-M64A1 bomb + 2 x 100 lb AN-M30A1 bombs (700 lb total),,,,,,,,,,,,,,,,,,,,,,,,,,,,,,,,,,,,,,,,,,,,,,,
P-40F-10,2 x 100 lb AN-M30A1 bombs (200 lb total),1 x 500 lb AN-M64A1 bomb (500 lb total),1 x 500 lb AN-M64A1 bomb + 2 x 100 lb AN-M30A1 bombs (700 lb total),,,,,,,,,,,,,,,,,,,,,,,,,,,,,,,,,,,,,,,,,,,,,,,
P-43A-1,None,,,,,,,,,,,,,,,,,,,,,,,,,,,,,,,,,,,,,,,,,,,,,,,,,
P-47D-22-RE,1 x 500 lb AN-M64A1 bomb (500 lb total),"2 x 1,000 lb AN-M65A1 bombs (2,000 lb total)","2 x 1,000 lb AN-M65A1 bombs + 1 x 500 lb AN-M64A1 bomb (2,500 lb total)",6 x M8 rockets,6 x M8 rockets + 1 x 500 lb AN-M64A1 bomb (500 lb total),,,,,,,,,,,,,,,,,,,,,,,,,,,,,,,,,,,,,,,,,,,,,
P-47D-25,1 x 500 lb AN-M64A1 bomb (500 lb total),"2 x 1,000 lb AN-M65A1 bombs (2,000 lb total)","2 x 1,000 lb AN-M65A1 bombs + 1 x 500 lb AN-M64A1 bomb (2,500 lb total)",10 x HVAR rockets,10 x HVAR rockets + 1 x 500 lb AN-M64A1 bomb (500 lb total),"10 x HVAR rockets + 2 x 1,000 lb AN-M65A1 bombs (2,000 lb total)","10 x HVAR rockets + 2 x 1,000 lb AN-M65A1 bombs + 1 x 500 lb AN-M64A1 bomb (2,500 lb total)",,,,,,,,,,,,,,,,,,,,,,,,,,,,,,,,,,,,,,,,,,,
P-47D-28,1 x 500 lb AN-M64A1 bomb (500 lb total),"2 x 1,000 lb AN-M65A1 bombs (2,000 lb total)","2 x 1,000 lb AN-M65A1 bombs + 1 x 500 lb AN-M64A1 bomb (2,500 lb total)",10 x HVAR rockets,10 x HVAR rockets + 1 x 500 lb AN-M64A1 bomb (500 lb total),"10 x HVAR rockets + 3 x 500 lb AN-M64A1 bombs (1,500 lb total)","10 x HVAR rockets + 2 x 1,000 lb AN-M65A1 bombs (2,000 lb total)","10 x HVAR rockets + 2 x 1,000 lb AN-M65A1 bombs + 1 x 500 lb AN-M64A1 bomb (2,500 lb total)",6 x M8 rockets,"6 x M8 rockets + 2 x 500 lb AN-M64A1 bombs (1,000 lb total)",,,,,,,,,,,,,,,,,,,,,,,,,,,,,,,,,,,,,,,,
P-47N-15,1 x 500 lb AN-M64A1 bomb (500 lb total),"2 x 1,000 lb AN-M65A1 bombs (2,000 lb total)","2 x 1,000 lb AN-M65A1 bombs + 1 x 500 lb AN-M64A1 bomb (2,500 lb total)",10 x HVAR rockets,10 x HVAR rockets + 1 x 500 lb AN-M64A1 bomb (500 lb total),"10 x HVAR rockets + 2 x 1,000 lb AN-M65A1 bombs (2,000 lb total)","10 x HVAR rockets + 2 x 1,000 lb AN-M65A1 bombs + 1 x 500 lb AN-M64A1 bomb (2,500 lb total)",,,,,,,,,,,,,,,,,,,,,,,,,,,,,,,,,,,,,,,,,,,
P-51,None,,,,,,,,,,,,,,,,,,,,,,,,,,,,,,,,,,,,,,,,,,,,,,,,,
P-51A,None,,,,,,,,,,,,,,,,,,,,,,,,,,,,,,,,,,,,,,,,,,,,,,,,,
P-51C-10,2 x 100 lb AN-M30A1 bombs (200 lb total),2 x 250 lb AN-M57 bombs (500 lb total),"2 x 500 lb AN-M64A1 bombs (1,000 lb total)",,,,,,,,,,,,,,,,,,,,,,,,,,,,,,,,,,,,,,,,,,,,,,,
P-51D-10,6 x HVAR rockets,6 x M8 rockets,2 x 100 lb AN-M30A1 bombs (200 lb total),2 x 250 lb AN-M57 bombs (500 lb total),"2 x 500 lb AN-M64A1 bombs (1,000 lb total)","2 x 1,000 lb AN-M65A1 bombs (2,000 lb total)",6 x HVAR rockets + 2 x 100 lb AN-M30A1 bombs (200 lb total),"6 x HVAR rockets + 2 x 500 lb AN-M64A1 bombs (1,000 lb total)",,,,,,,,,,,,,,,,,,,,,,,,,,,,,,,,,,,,,,,,,,
P-51D-20-NA,6 x HVAR rockets,"2 x 1,000 lb AN-M65A1 bombs (2,000 lb total)",6 x M8 rockets,,,,,,,,,,,,,,,,,,,,,,,,,,,,,,,,,,,,,,,,,,,,,,,
P-51D-30,6 x HVAR rockets,"2 x 1,000 lb AN-M65A1 bombs (2,000 lb total)",6 x M8 rockets,,,,,,,,,,,,,,,,,,,,,,,,,,,,,,,,,,,,,,,,,,,,,,,
P-51D-5,6 x HVAR rockets,6 x M8 rockets,2 x 100 lb AN-M30A1 bombs (200 lb total),2 x 250 lb AN-M57 bombs (500 lb total),"2 x 500 lb AN-M64A1 bombs (1,000 lb total)","2 x 1,000 lb AN-M65A1 bombs (2,000 lb total)",6 x HVAR rockets + 2 x 100 lb AN-M30A1 bombs (200 lb total),"6 x HVAR rockets + 2 x 500 lb AN-M64A1 bombs (1,000 lb total)",,,,,,,,,,,,,,,,,,,,,,,,,,,,,,,,,,,,,,,,,,
P-51H-5-NA,6 x HVAR rockets,6 x M8 rockets,2 x 100 lb AN-M30A1 bombs (200 lb total),2 x 250 lb AN-M57 bombs (500 lb total),"2 x 500 lb AN-M64A1 bombs (1,000 lb total)","2 x 1,000 lb AN-M65A1 bombs (2,000 lb total)",6 x HVAR rockets + 2 x 250 lb AN-M57 bombs (500 lb total),6 x HVAR rockets + 2 x 100 lb AN-M30A1 bombs (200 lb total),"6 x HVAR rockets + 2 x 500 lb AN-M64A1 bombs (1,000 lb total)",,,,,,,,,,,,,,,,,,,,,,,,,,,,,,,,,,,,,,,,,
P-59A,None,,,,,,,,,,,,,,,,,,,,,,,,,,,,,,,,,,,,,,,,,,,,,,,,,
P-61A-1,None,,,,,,,,,,,,,,,,,,,,,,,,,,,,,,,,,,,,,,,,,,,,,,,,,
P-61C-1,"4 x 500 lb AN-M64A1 bombs (2,000 lb total)","4 x 1,000 lb AN-M65A1 bombs (4,000 lb total)",,,,,,,,,,,,,,,,,,,,,,,,,,,,,,,,,,,,,,,,,,,,,,,,
P-63A-10,"3 x 500 lb AN-M64A1 bombs (1,500 lb total)",,,,,,,,,,,,,,,,,,,,,,,,,,,,,,,,,,,,,,,,,,,,,,,,,
P-63A-5,1 x 500 lb AN-M64A1 bomb (500 lb total),,,,,,,,,,,,,,,,,,,,,,,,,,,,,,,,,,,,,,,,,,,,,,,,,
P-63C-5,"3 x 500 lb AN-M64A1 bombs (1,500 lb total)",,,,,,,,,,,,,,,,,,,,,,,,,,,,,,,,,,,,,,,,,,,,,,,,,
PB4Y-2,"20 x 100 lb AN-M30A1 bombs (2,000 lb total)","8 x 500 lb AN-M64A1 bombs (4,000 lb total)","4 x 1,000 lb AN-M65A1 bombs (4,000 lb total)","8 x 1,000 lb AN-M65A1 bombs (8,000 lb total)","4 x 2,000 lb AN-M66A2 bombs (8,000 lb total)",4 x Type A Mark I mines,8 x Type A Mark I mines,,,,,,,,,,,,,,,,,,,,,,,,,,,,,,,,,,,,,,,,,,,
PBJ-1H,"12 x 100 lb AN-M30A1 bombs (1,200 lb total)","8 x 250 lb AN-M57 bombs (2,000 lb total)","4 x 500 lb AN-M64A1 bombs (2,000 lb total)",,,,,,,,,,,,,,,,,,,,,,,,,,,,,,,,,,,,,,,,,,,,,,,
PBJ-1J,"12 x 100 lb AN-M30A1 bombs (1,200 lb total)","8 x 250 lb AN-M57 bombs (2,000 lb total)","4 x 500 lb AN-M64A1 bombs (2,000 lb total)",,,,,,,,,,,,,,,,,,,,,,,,,,,,,,,,,,,,,,,,,,,,,,,
"PBM-1 ""Mariner""","12 x 100 lb AN-M30A1 bombs (1,200 lb total)","6 x 250 lb AN-M57 bombs (1,500 lb total)","6 x 500 lb AN-M64A1 bombs (3,000 lb total)","2 x 1,000 lb AN-M65A1 bombs + 4 x 500 lb AN-M64A1 bombs (4,000 lb total)","4 x 1,000 lb AN-M65A1 bombs (4,000 lb total)",,,,,,,,,,,,,,,,,,,,,,,,,,,,,,,,,,,,,,,,,,,,,
"PBM-3 ""Mariner""","12 x 100 lb AN-M30A1 bombs (1,200 lb total)","8 x 500 lb AN-M64A1 bombs (4,000 lb total)","8 x 1,000 lb AN-M65A1 bombs (8,000 lb total)",8 x Type A Mark I mines,,,,,,,,,,,,,,,,,,,,,,,,,,,,,,,,,,,,,,,,,,,,,,
PBY-5 Catalina,"16 x 100 lb AN-M30A1 bombs (1,600 lb total)","4 x 500 lb AN-M64A1 bombs (2,000 lb total)","4 x 1,000 lb AN-M65A1 bombs (4,000 lb total)",4 x Type A Mark I mines,"2 x 1,927 lb Mk.13-1 torpedoes","2 x 1,927 lb Mk.13-1 Case torpedoes",,,,,,,,,,,,,,,,,,,,,,,,,,,,,,,,,,,,,,,,,,,,
PBY-5A Catalina,"16 x 100 lb AN-M30A1 bombs (1,600 lb total)","4 x 500 lb AN-M64A1 bombs (2,000 lb total)","4 x 1,000 lb AN-M65A1 bombs (4,000 lb total)",4 x Type A Mark I mines,"2 x 1,927 lb Mk.13-1 torpedoes","2 x 1,927 lb Mk.13-1 Case torpedoes",,,,,,,,,,,,,,,,,,,,,,,,,,,,,,,,,,,,,,,,,,,,
PV-2D,"6 x 250 lb AN-M57 bombs (1,500 lb total)",8 x HVAR rockets,"8 x HVAR rockets + 6 x 250 lb AN-M57 bombs (1,500 lb total)","8 x HVAR rockets + 1 x 1,927 lb Mk.13-1 Case torpedo","1 x 1,927 lb Mk.13-1 Case torpedo","8 x HVAR rockets + 6 x 500 lb AN-M64A1 bombs (3,000 lb total)","8 x HVAR rockets + 6 x 1,000 lb AN-M65A1 bombs (6,000 lb total)",8 x HVAR rockets + 6 x Type A Mark I mines,8 x HVAR rockets + 2 x Tiny Tim rockets,"4 x 12.7 mm M2 Browning machine guns (340 rpg = 1,360 total)",,,,,,,,,,,,,,,,,,,,,,,,,,,,,,,,,,,,,,,,
Rasmussen's P-36A,None,,,,,,,,,,,,,,,,,,,,,,,,,,,,,,,,,,,,,,,,,,,,,,,,,
SB2C-1C,2 x 250 lb AN-M57 bombs (500 lb total),"1 x 1,927 lb Mk.13-1 torpedo","1 x 1,927 lb Mk.13-1 Case torpedo","2 x 500 lb AN-M64A1 bombs (1,000 lb total)","1 x 1,000 lb AN-M65A1 bomb (1,000 lb total)",1 x Type A Mark I mine,,,,,,,,,,,,,,,,,,,,,,,,,,,,,,,,,,,,,,,,,,,,
SB2C-4,2 x 250 lb AN-M57 bombs (500 lb total),"1 x 1,927 lb Mk.13-1 torpedo","1 x 1,927 lb Mk.13-1 Case torpedo","2 x 500 lb AN-M64A1 bombs (1,000 lb total)","4 x 500 lb AN-M64A1 bombs (2,000 lb total)","1 x 1,000 lb AN-M65A1 bomb (1,000 lb total)",1 x Type A Mark I mine,"1 x 1,000 lb AN-M65A1 bomb + 2 x 500 lb AN-M64A1 bombs (2,000 lb total)",8 x HVAR rockets,"4 x 12.7 mm M2 Browning machine guns (340 rpg = 1,360 total)",,,,,,,,,,,,,,,,,,,,,,,,,,,,,,,,,,,,,,,,
SB2U-2,1 x 500 lb AN-M64A1 bomb + 2 x 100 lb AN-M30A1 bombs (700 lb total),"1 x 500 lb AN-M64A1 bomb + 2 x 250 lb AN-M57 bombs (1,000 lb total)","1 x 1,000 lb AN-M65A1 bomb (1,000 lb total)",1 x Type A Mark I mine,,,,,,,,,,,,,,,,,,,,,,,,,,,,,,,,,,,,,,,,,,,,,,
SB2U-3,1 x 500 lb AN-M64A1 bomb + 2 x 100 lb AN-M30A1 bombs (700 lb total),"1 x 500 lb AN-M64A1 bomb + 2 x 250 lb AN-M57 bombs (1,000 lb total)","1 x 1,000 lb AN-M65A1 bomb (1,000 lb total)",1 x Type A Mark I mine,,,,,,,,,,,,,,,,,,,,,,,,,,,,,,,,,,,,,,,,,,,,,,
SBD-3,"1 x 1,000 lb AN-M65A1 bomb + 2 x 100 lb AN-M30A1 bombs (1,200 lb total)","4 x 12.7 mm M2 Browning machine guns, wing-mounted (gunpods) (340 rpg = 1,360 total)",1 x Type A Mark I mine,,,,,,,,,,,,,,,,,,,,,,,,,,,,,,,,,,,,,,,,,,,,,,,
Spitfire LF Mk IXc (USA),1 x 250 lb G.P. Mk.IV bomb (250 lb total),,,,,,,,,,,,,,,,,,,,,,,,,,,,,,,,,,,,,,,,,,,,,,,,,
TBD-1,"12 x 100 lb AN-M30A1 bombs (1,200 lb total)","1 x 1,927 lb Mk.13-1 torpedo","1 x 1,927 lb Mk.13-1 Case torpedo","2 x 500 lb AN-M64A1 bombs + 6 x 100 lb AN-M30A1 bombs (1,600 lb total)",,,,,,,,,,,,,,,,,,,,,,,,,,,,,,,,,,,,,,,,,,,,,,
TBF-1C,"4 x 500 lb AN-M64A1 bombs (2,000 lb total)","1 x 1,927 lb Mk.13-1 torpedo","1 x 1,927 lb Mk.13-1 Case torpedo",,,,,,,,,,,,,,,,,,,,,,,,,,,,,,,,,,,,,,,,,,,,,,,
Thach's F2A-1,None,,,,,,,,,,,,,,,,,,,,,,,,,,,,,,,,,,,,,,,,,,,,,,,,,
XA-38,4 x 100 lb AN-M30A1 bombs (400 lb total),"4 x 250 lb AN-M57 bombs (1,000 lb total)","4 x 500 lb AN-M64A1 bombs (2,000 lb total)",,,,,,,,,,,,,,,,,,,,,,,,,,,,,,,,,,,,,,,,,,,,,,,
XF5F,None,,,,,,,,,,,,,,,,,,,,,,,,,,,,,,,,,,,,,,,,,,,,,,,,,
XP-38G,6 x M8 rockets,,,,,,,,,,,,,,,,,,,,,,,,,,,,,,,,,,,,,,,,,,,,,,,,,
XP-50,None,,,,,,,,,,,,,,,,,,,,,,,,,,,,,,,,,,,,,,,,,,,,,,,,,
XP-55,None,,,,,,,,,,,,,,,,,,,,,,,,,,,,,,,,,,,,,,,,,,,,,,,,,
YP-38,None,,,,,,,,,,,,,,,,,,,,,,,,,,,,,,,,,,,,,,,,,,,,,,,,,
